packet_id,timestamp,altitude,velocity,pos_x,pos_y,gps_lat,gps_long,status
0,1765272792.9905748,0.0,0.0,0.0,0.0,38.82,33.33,IDLE
0,1765272793.499198,0.0,0.0,0.0,0.0,38.82,33.33,IDLE
0,1765272794.0130527,0.0,0.0,0.0,0.0,38.82,33.33,IDLE
0,1765272794.5219655,0.0,0.0,0.0,0.0,38.82,33.33,IDLE
0,1765272795.0254977,0.0,0.0,0.0,0.0,38.82,33.33,IDLE
0,1765272795.5280297,0.0,0.0,0.0,0.0,38.82,33.33,IDLE
0,1765272796.0363274,0.0,0.0,0.0,0.0,38.82,33.33,IDLE
0,1765272796.5517695,0.0,0.0,0.0,0.0,38.82,33.33,IDLE
0,1765272797.0648386,0.0,0.0,0.0,0.0,38.82,33.33,IDLE
0,1765272797.5780556,0.0,0.0,0.0,0.0,38.82,33.33,IDLE
0,1765272798.0930588,0.0,0.0,0.0,0.0,38.82,33.33,IDLE
0,1765272798.6079214,0.0,0.0,0.0,0.0,38.82,33.33,IDLE
0,1765272799.121204,0.0,0.0,0.0,0.0,38.82,33.33,IDLE
0,1765272799.6338682,0.0,0.0,0.0,0.0,38.82,33.33,IDLE
0,1765272800.149465,0.0,0.0,0.0,0.0,38.82,33.33,IDLE
0,1765272800.6584184,0.0,0.0,0.0,0.0,38.82,33.33,IDLE
0,1765272801.1605244,0.0,0.0,0.0,0.0,38.82,33.33,IDLE
0,1765272801.6643748,0.0,0.0,0.0,0.0,38.82,33.33,IDLE
0,1765272802.1676004,0.0,0.0,0.0,0.0,38.82,33.33,IDLE
0,1765272802.6763039,0.0,0.0,0.0,0.0,38.82,33.33,IDLE
0,1765272803.189446,0.0,0.0,0.0,0.0,38.82,33.33,IDLE
0,1765272803.701609,0.0,0.0,0.0,0.0,38.82,33.33,IDLE
0,1765272804.201643,0.0,0.0,0.0,0.0,38.82,33.33,IDLE
0,1765272804.7164416,0.0,0.0,0.0,0.0,38.82,33.33,IDLE
0,1765272805.2172806,0.0,0.0,0.0,0.0,38.82,33.33,IDLE
0,1765272805.7174046,0.0,0.0,0.0,0.0,38.82,33.33,IDLE
0,1765272806.2301574,0.0,0.0,0.0,0.0,38.82,33.33,IDLE
0,1765272806.745056,0.0,0.0,0.0,0.0,38.82,33.33,IDLE
0,1765272807.258532,0.0,0.0,0.0,0.0,38.82,33.33,IDLE
0,1765272807.77231,0.0,0.0,0.0,0.0,38.82,33.33,IDLE
0,1765272808.286661,0.0,0.0,0.0,0.0,38.82,33.33,IDLE
0,1765272808.7983046,0.0,0.0,0.0,0.0,38.82,33.33,IDLE
0,1765272809.2984245,0.0,0.0,0.0,0.0,38.82,33.33,IDLE
0,1765272809.810795,0.0,0.0,0.0,0.0,38.82,33.33,IDLE
0,1765272810.3266222,0.0,0.0,0.0,0.0,38.82,33.33,IDLE
0,1765272810.8407347,0.0,0.0,0.0,0.0,38.82,33.33,IDLE
0,1765272811.3551092,0.0,0.0,0.0,0.0,38.82,33.33,IDLE
0,1765272811.8702698,0.0,0.0,0.0,0.0,38.82,33.33,IDLE
0,1765272812.3839314,0.0,0.0,0.0,0.0,38.82,33.33,IDLE
0,1765272812.8959105,0.0,0.0,0.0,0.0,38.82,33.33,IDLE
0,1765272813.4079924,0.0,0.0,0.0,0.0,38.82,33.33,IDLE
0,1765272813.9189074,0.0,0.0,0.0,0.0,38.82,33.33,IDLE
0,1765272814.4203422,0.0,0.0,0.0,0.0,38.82,33.33,IDLE
0,1765272814.9216905,0.0,0.0,0.0,0.0,38.82,33.33,IDLE
0,1765272815.4378703,0.0,0.0,0.0,0.0,38.82,33.33,IDLE
0,1765272815.9433346,0.0,0.0,0.0,0.0,38.82,33.33,IDLE
0,1765272816.4519355,0.0,0.0,0.0,0.0,38.82,33.33,IDLE
0,1765272816.9584231,0.0,0.0,0.0,0.0,38.82,33.33,IDLE
0,1765272817.4622948,0.0,0.0,0.0,0.0,38.82,33.33,IDLE
0,1765272817.9712038,0.0,0.0,0.0,0.0,38.82,33.33,IDLE
0,1765272818.4803114,0.0,0.0,0.0,0.0,38.82,33.33,IDLE
0,1765272818.9827178,0.0,0.0,0.0,0.0,38.82,33.33,IDLE
0,1765272819.488206,0.0,0.0,0.0,0.0,38.82,33.33,IDLE
0,1765272819.9911995,0.0,0.0,0.0,0.0,38.82,33.33,IDLE
0,1765272820.4919314,0.0,0.0,0.0,0.0,38.82,33.33,IDLE
0,1765272821.0063488,0.0,0.0,0.0,0.0,38.82,33.33,IDLE
0,1765272821.519382,0.0,0.0,0.0,0.0,38.82,33.33,IDLE
0,1765272822.0330641,0.0,0.0,0.0,0.0,38.82,33.33,IDLE
0,1765272822.5338259,0.0,0.0,0.0,0.0,38.82,33.33,IDLE
0,1765272823.049109,0.0,0.0,0.0,0.0,38.82,33.33,IDLE
0,1765272823.5632415,0.0,0.0,0.0,0.0,38.82,33.33,IDLE
0,1765272824.0748906,0.0,0.0,0.0,0.0,38.82,33.33,IDLE
0,1765272824.5766826,0.0,0.0,0.0,0.0,38.82,33.33,IDLE
0,1765272825.0789373,0.0,0.0,0.0,0.0,38.82,33.33,IDLE
0,1765272825.5831785,0.0,0.0,0.0,0.0,38.82,33.33,IDLE
0,1765272826.0919397,0.0,0.0,0.0,0.0,38.82,33.33,IDLE
0,1765272826.5942302,0.0,0.0,0.0,0.0,38.82,33.33,IDLE
0,1765272827.0983968,0.0,0.0,0.0,0.0,38.82,33.33,IDLE
0,1765272827.6078758,0.0,0.0,0.0,0.0,38.82,33.33,IDLE
0,1765272828.111669,0.0,0.0,0.0,0.0,38.82,33.33,IDLE
0,1765272828.6241617,0.0,0.0,0.0,0.0,38.82,33.33,IDLE
0,1765272829.1393094,0.0,0.0,0.0,0.0,38.82,33.33,IDLE
0,1765272829.6393905,0.0,0.0,0.0,0.0,38.82,33.33,IDLE
0,1765272830.1406457,0.0,0.0,0.0,0.0,38.82,33.33,IDLE
0,1765272830.6429524,0.0,0.0,0.0,0.0,38.82,33.33,IDLE
0,1765272831.155733,0.0,0.0,0.0,0.0,38.82,33.33,IDLE
0,1765272831.6690922,0.0,0.0,0.0,0.0,38.82,33.33,IDLE
0,1765272832.1827672,0.0,0.0,0.0,0.0,38.82,33.33,IDLE
0,1765272832.692083,0.0,0.0,0.0,0.0,38.82,33.33,IDLE
0,1765272833.1954236,0.0,0.0,0.0,0.0,38.82,33.33,IDLE
0,1765272833.6992438,0.0,0.0,0.0,0.0,38.82,33.33,IDLE
0,1765272834.2005978,0.0,0.0,0.0,0.0,38.82,33.33,IDLE
0,1765272834.7151132,0.0,0.0,0.0,0.0,38.82,33.33,IDLE
0,1765272835.2277064,0.0,0.0,0.0,0.0,38.82,33.33,IDLE
0,1765272835.7419434,0.0,0.0,0.0,0.0,38.82,33.33,IDLE
0,1765272836.2540543,0.0,0.0,0.0,0.0,38.82,33.33,IDLE
0,1765272836.7555404,0.0,0.0,0.0,0.0,38.82,33.33,IDLE
0,1765272837.258044,0.0,0.0,0.0,0.0,38.82,33.33,IDLE
0,1765272837.7597282,0.0,0.0,0.0,0.0,38.82,33.33,IDLE
0,1765272838.274132,0.0,0.0,0.0,0.0,38.82,33.33,IDLE
0,1765272838.7875996,0.0,0.0,0.0,0.0,38.82,33.33,IDLE
0,1765272839.3017046,0.0,0.0,0.0,0.0,38.82,33.33,IDLE
0,1765272839.8164608,0.0,0.0,0.0,0.0,38.82,33.33,IDLE
0,1765272840.3199437,0.0,0.0,0.0,0.0,38.82,33.33,IDLE
0,1765272840.8215566,0.0,0.0,0.0,0.0,38.82,33.33,IDLE
0,1765272841.3246472,0.0,0.0,0.0,0.0,38.82,33.33,IDLE
0,1765272841.8255744,0.0,0.0,0.0,0.0,38.82,33.33,IDLE
0,1765272842.3322837,0.0,0.0,0.0,0.0,38.82,33.33,IDLE
0,1765272842.844573,0.0,0.0,0.0,0.0,38.82,33.33,IDLE
0,1765272843.3586648,0.0,0.0,0.0,0.0,38.82,33.33,IDLE
0,1765272843.8637748,0.0,0.0,0.0,0.0,38.82,33.33,IDLE
0,1765272844.370746,0.0,0.0,0.0,0.0,38.82,33.33,IDLE
0,1765272844.88295,0.0,0.0,0.0,0.0,38.82,33.33,IDLE
0,1765272845.3983066,0.0,0.0,0.0,0.0,38.82,33.33,IDLE
0,1765272845.9107223,0.0,0.0,0.0,0.0,38.82,33.33,IDLE
0,1765272846.422631,0.0,0.0,0.0,0.0,38.82,33.33,IDLE
0,1765272846.9302924,0.0,0.0,0.0,0.0,38.82,33.33,IDLE
0,1765272847.4312835,0.0,0.0,0.0,0.0,38.82,33.33,IDLE
0,1765272847.9444375,0.0,0.0,0.0,0.0,38.82,33.33,IDLE
0,1765272848.4586647,0.0,0.0,0.0,0.0,38.82,33.33,IDLE
0,1765272848.9683049,0.0,0.0,0.0,0.0,38.82,33.33,IDLE
0,1765272849.4803429,0.0,0.0,0.0,0.0,38.82,33.33,IDLE
0,1765272849.9939418,0.0,0.0,0.0,0.0,38.82,33.33,IDLE
0,1765272850.5019872,0.0,0.0,0.0,0.0,38.82,33.33,IDLE
0,1765272851.0071368,0.0,0.0,0.0,0.0,38.82,33.33,IDLE
0,1765272851.5226643,0.0,0.0,0.0,0.0,38.82,33.33,IDLE
0,1765272852.0255673,0.0,0.0,0.0,0.0,38.82,33.33,IDLE
0,1765272852.5396667,0.0,0.0,0.0,0.0,38.82,33.33,IDLE
0,1765272853.0535114,0.0,0.0,0.0,0.0,38.82,33.33,IDLE
0,1765272853.553538,0.0,0.0,0.0,0.0,38.82,33.33,IDLE
0,1765272854.0559168,0.0,0.0,0.0,0.0,38.82,33.33,IDLE
0,1765272854.5705957,0.0,0.0,0.0,0.0,38.82,33.33,IDLE
0,1765272855.0847692,0.0,0.0,0.0,0.0,38.82,33.33,IDLE
0,1765272855.5992246,0.0,0.0,0.0,0.0,38.82,33.33,IDLE
0,1765272856.1131382,0.0,0.0,0.0,0.0,38.82,33.33,IDLE
0,1765272856.6265285,0.0,0.0,0.0,0.0,38.82,33.33,IDLE
0,1765272857.139483,0.0,0.0,0.0,0.0,38.82,33.33,IDLE
0,1765272857.6541474,0.0,0.0,0.0,0.0,38.82,33.33,IDLE
0,1765272858.1682863,0.0,0.0,0.0,0.0,38.82,33.33,IDLE
0,1765272858.6800046,0.0,0.0,0.0,0.0,38.82,33.33,IDLE
0,1765272859.1803122,0.0,0.0,0.0,0.0,38.82,33.33,IDLE
0,1765272859.6904864,0.0,0.0,0.0,0.0,38.82,33.33,IDLE
0,1765272860.199303,0.0,0.0,0.0,0.0,38.82,33.33,IDLE
0,1765272860.7105017,0.0,0.0,0.0,0.0,38.82,33.33,IDLE
0,1765272861.2226963,0.0,0.0,0.0,0.0,38.82,33.33,IDLE
0,1765272861.7242644,0.0,0.0,0.0,0.0,38.82,33.33,IDLE
0,1765272862.238453,0.0,0.0,0.0,0.0,38.82,33.33,IDLE
0,1765272862.7517905,0.0,0.0,0.0,0.0,38.82,33.33,IDLE
0,1765272863.2655408,0.0,0.0,0.0,0.0,38.82,33.33,IDLE
0,1765272863.7798975,0.0,0.0,0.0,0.0,38.82,33.33,IDLE
0,1765272864.2918766,0.0,0.0,0.0,0.0,38.82,33.33,IDLE
0,1765272864.804358,0.0,0.0,0.0,0.0,38.82,33.33,IDLE
0,1765272865.31818,0.0,0.0,0.0,0.0,38.82,33.33,IDLE
0,1765272865.8301594,0.0,0.0,0.0,0.0,38.82,33.33,IDLE
0,1765272866.330281,0.0,0.0,0.0,0.0,38.82,33.33,IDLE
0,1765272866.8449376,0.0,0.0,0.0,0.0,38.82,33.33,IDLE
0,1765272867.3586292,0.0,0.0,0.0,0.0,38.82,33.33,IDLE
0,1765272867.8605742,0.0,0.0,0.0,0.0,38.82,33.33,IDLE
0,1765272868.3611343,0.0,0.0,0.0,0.0,38.82,33.33,IDLE
0,1765272868.862203,0.0,0.0,0.0,0.0,38.82,33.33,IDLE
0,1765272869.3664773,0.0,0.0,0.0,0.0,38.82,33.33,IDLE
0,1765272869.8804333,0.0,0.0,0.0,0.0,38.82,33.33,IDLE
0,1765272870.3817463,0.0,0.0,0.0,0.0,38.82,33.33,IDLE
0,1765272870.8930798,0.0,0.0,0.0,0.0,38.82,33.33,IDLE
0,1765272871.4078562,0.0,0.0,0.0,0.0,38.82,33.33,IDLE
0,1765272871.9078822,0.0,0.0,0.0,0.0,38.82,33.33,IDLE
0,1765272872.4189193,0.0,0.0,0.0,0.0,38.82,33.33,IDLE
0,1765272872.920715,0.0,0.0,0.0,0.0,38.82,33.33,IDLE
0,1765272873.4221232,0.0,0.0,0.0,0.0,38.82,33.33,IDLE
0,1765272873.9222066,0.0,0.0,0.0,0.0,38.82,33.33,IDLE
0,1765272874.4243848,0.0,0.0,0.0,0.0,38.82,33.33,IDLE
0,1765272874.9357412,0.0,0.0,0.0,0.0,38.82,33.33,IDLE
0,1765272875.4503243,0.0,0.0,0.0,0.0,38.82,33.33,IDLE
0,1765272875.9607825,0.0,0.0,0.0,0.0,38.82,33.33,IDLE
0,1765272876.4622085,0.0,0.0,0.0,0.0,38.82,33.33,IDLE
0,1765272876.9673414,0.0,0.0,0.0,0.0,38.82,33.33,IDLE
0,1765272877.470341,0.0,0.0,0.0,0.0,38.82,33.33,IDLE
0,1765272877.9764845,0.0,0.0,0.0,0.0,38.82,33.33,IDLE
0,1765272878.4829843,0.0,0.0,0.0,0.0,38.82,33.33,IDLE
0,1765272878.9991589,0.0,0.0,0.0,0.0,38.82,33.33,IDLE
0,1765272879.5137348,0.0,0.0,0.0,0.0,38.82,33.33,IDLE
0,1765272880.0244315,0.0,0.0,0.0,0.0,38.82,33.33,IDLE
0,1765272880.5350378,0.0,0.0,0.0,0.0,38.82,33.33,IDLE
0,1765272881.0455735,0.0,0.0,0.0,0.0,38.82,33.33,IDLE
0,1765272881.5460396,0.0,0.0,0.0,0.0,38.82,33.33,IDLE
0,1765272882.0567915,0.0,0.0,0.0,0.0,38.82,33.33,IDLE
0,1765272882.5673368,0.0,0.0,0.0,0.0,38.82,33.33,IDLE
0,1765272883.0801108,0.0,0.0,0.0,0.0,38.82,33.33,IDLE
0,1765272883.5955694,0.0,0.0,0.0,0.0,38.82,33.33,IDLE
0,1765272884.110873,0.0,0.0,0.0,0.0,38.82,33.33,IDLE
0,1765272884.6243162,0.0,0.0,0.0,0.0,38.82,33.33,IDLE
0,1765272885.126282,0.0,0.0,0.0,0.0,38.82,33.33,IDLE
0,1765272885.6396716,0.0,0.0,0.0,0.0,38.82,33.33,IDLE
0,1765272886.1534598,0.0,0.0,0.0,0.0,38.82,33.33,IDLE
0,1765272886.6613998,0.0,0.0,0.0,0.0,38.82,33.33,IDLE
0,1765272887.1673524,0.0,0.0,0.0,0.0,38.82,33.33,IDLE
0,1765272887.670334,0.0,0.0,0.0,0.0,38.82,33.33,IDLE
0,1765272888.1715972,0.0,0.0,0.0,0.0,38.82,33.33,IDLE
0,1765272888.676309,0.0,0.0,0.0,0.0,38.82,33.33,IDLE
0,1765272889.1873782,0.0,0.0,0.0,0.0,38.82,33.33,IDLE
0,1765272889.70171,0.0,0.0,0.0,0.0,38.82,33.33,IDLE
0,1765272890.2073107,0.0,0.0,0.0,0.0,38.82,33.33,IDLE
0,1765272890.7154186,0.0,0.0,0.0,0.0,38.82,33.33,IDLE
0,1765272891.229146,0.0,0.0,0.0,0.0,38.82,33.33,IDLE
0,1765272891.7441819,0.0,0.0,0.0,0.0,38.82,33.33,IDLE
0,1765272892.2587361,0.0,0.0,0.0,0.0,38.82,33.33,IDLE
0,1765272892.7742813,0.0,0.0,0.0,0.0,38.82,33.33,IDLE
0,1765272893.2863896,0.0,0.0,0.0,0.0,38.82,33.33,IDLE
0,1765272893.801733,0.0,0.0,0.0,0.0,38.82,33.33,IDLE
0,1765272894.3164618,0.0,0.0,0.0,0.0,38.82,33.33,IDLE
0,1765272894.8301952,0.0,0.0,0.0,0.0,38.82,33.33,IDLE
0,1765272895.344165,0.0,0.0,0.0,0.0,38.82,33.33,IDLE
0,1765272895.8585117,0.0,0.0,0.0,0.0,38.82,33.33,IDLE
0,1765272896.3598864,0.0,0.0,0.0,0.0,38.82,33.33,IDLE
0,1765272896.8716202,0.0,0.0,0.0,0.0,38.82,33.33,IDLE
0,1765272897.3830452,0.0,0.0,0.0,0.0,38.82,33.33,IDLE
0,1765272897.8848162,0.0,0.0,0.0,0.0,38.82,33.33,IDLE
0,1765272898.3903954,0.0,0.0,0.0,0.0,38.82,33.33,IDLE
0,1765272898.894266,0.0,0.0,0.0,0.0,38.82,33.33,IDLE
0,1765272899.407276,0.0,0.0,0.0,0.0,38.82,33.33,IDLE
0,1765272899.9079914,0.0,0.0,0.0,0.0,38.82,33.33,IDLE
0,1765272900.4217796,0.0,0.0,0.0,0.0,38.82,33.33,IDLE
0,1765272900.9366436,0.0,0.0,0.0,0.0,38.82,33.33,IDLE
0,1765272901.4367263,0.0,0.0,0.0,0.0,38.82,33.33,IDLE
0,1765272901.9519465,0.0,0.0,0.0,0.0,38.82,33.33,IDLE
0,1765272902.4587398,0.0,0.0,0.0,0.0,38.82,33.33,IDLE
0,1765272902.9693277,0.0,0.0,0.0,0.0,38.82,33.33,IDLE
0,1765272903.4708147,0.0,0.0,0.0,0.0,38.82,33.33,IDLE
0,1765272903.9852774,0.0,0.0,0.0,0.0,38.82,33.33,IDLE
0,1765272904.5000684,0.0,0.0,0.0,0.0,38.82,33.33,IDLE
0,1765272905.0133357,0.0,0.0,0.0,0.0,38.82,33.33,IDLE
0,1765272905.5256052,0.0,0.0,0.0,0.0,38.82,33.33,IDLE
0,1765272906.037391,0.0,0.0,0.0,0.0,38.82,33.33,IDLE
0,1765272906.551702,0.0,0.0,0.0,0.0,38.82,33.33,IDLE
0,1765272907.0639825,0.0,0.0,0.0,0.0,38.82,33.33,IDLE
0,1765272907.578006,0.0,0.0,0.0,0.0,38.82,33.33,IDLE
0,1765272908.0903316,0.0,0.0,0.0,0.0,38.82,33.33,IDLE
0,1765272908.5915082,0.0,0.0,0.0,0.0,38.82,33.33,IDLE
0,1765272909.1064873,0.0,0.0,0.0,0.0,38.82,33.33,IDLE
0,1765272909.6183126,0.0,0.0,0.0,0.0,38.82,33.33,IDLE
0,1765272910.119075,0.0,0.0,0.0,0.0,38.82,33.33,IDLE
0,1765272910.621899,0.0,0.0,0.0,0.0,38.82,33.33,IDLE
0,1765272911.13278,0.0,0.0,0.0,0.0,38.82,33.33,IDLE
0,1765272911.640811,0.0,0.0,0.0,0.0,38.82,33.33,IDLE
0,1765272912.1492543,0.0,0.0,0.0,0.0,38.82,33.33,IDLE
0,1765272912.652971,0.0,0.0,0.0,0.0,38.82,33.33,IDLE
0,1765272913.1559124,0.0,0.0,0.0,0.0,38.82,33.33,IDLE
0,1765272913.6583357,0.0,0.0,0.0,0.0,38.82,33.33,IDLE
0,1765272914.162133,0.0,0.0,0.0,0.0,38.82,33.33,IDLE
0,1765272914.6696918,0.0,0.0,0.0,0.0,38.82,33.33,IDLE
0,1765272915.182865,0.0,0.0,0.0,0.0,38.82,33.33,IDLE
0,1765272915.6883745,0.0,0.0,0.0,0.0,38.82,33.33,IDLE
0,1765272916.1915345,0.0,0.0,0.0,0.0,38.82,33.33,IDLE
0,1765272916.6944287,0.0,0.0,0.0,0.0,38.82,33.33,IDLE
0,1765272917.2032146,0.0,0.0,0.0,0.0,38.82,33.33,IDLE
0,1765272917.715051,0.0,0.0,0.0,0.0,38.82,33.33,IDLE
0,1765272918.2277138,0.0,0.0,0.0,0.0,38.82,33.33,IDLE
0,1765272918.7410824,0.0,0.0,0.0,0.0,38.82,33.33,IDLE
0,1765272919.2534292,0.0,0.0,0.0,0.0,38.82,33.33,IDLE
0,1765272919.7674987,0.0,0.0,0.0,0.0,38.82,33.33,IDLE
0,1765272920.2692435,0.0,0.0,0.0,0.0,38.82,33.33,IDLE
0,1765272920.774114,0.0,0.0,0.0,0.0,38.82,33.33,IDLE
0,1765272921.2766206,0.0,0.0,0.0,0.0,38.82,33.33,IDLE
0,1765272921.791605,0.0,0.0,0.0,0.0,38.82,33.33,IDLE
0,1765272922.292903,0.0,0.0,0.0,0.0,38.82,33.33,IDLE
0,1765272922.802106,0.0,0.0,0.0,0.0,38.82,33.33,IDLE
0,1765272923.3131485,0.0,0.0,0.0,0.0,38.82,33.33,IDLE
0,1765272923.8266912,0.0,0.0,0.0,0.0,38.82,33.33,IDLE
0,1765272924.3331065,0.0,0.0,0.0,0.0,38.82,33.33,IDLE
0,1765272924.8338273,0.0,0.0,0.0,0.0,38.82,33.33,IDLE
0,1765272925.3484647,0.0,0.0,0.0,0.0,38.82,33.33,IDLE
0,1765272925.8623874,0.0,0.0,0.0,0.0,38.82,33.33,IDLE
0,1765272926.3774452,0.0,0.0,0.0,0.0,38.82,33.33,IDLE
0,1765272926.8803315,0.0,0.0,0.0,0.0,38.82,33.33,IDLE
0,1765272927.3854795,0.0,0.0,0.0,0.0,38.82,33.33,IDLE
0,1765272927.8890855,0.0,0.0,0.0,0.0,38.82,33.33,IDLE
0,1765272928.3914454,0.0,0.0,0.0,0.0,38.82,33.33,IDLE
0,1765272928.899302,0.0,0.0,0.0,0.0,38.82,33.33,IDLE
0,1765272929.4015775,0.0,0.0,0.0,0.0,38.82,33.33,IDLE
0,1765272929.9062514,0.0,0.0,0.0,0.0,38.82,33.33,IDLE
0,1765272930.409833,0.0,0.0,0.0,0.0,38.82,33.33,IDLE
0,1765272930.9216251,0.0,0.0,0.0,0.0,38.82,33.33,IDLE
0,1765272931.43434,0.0,0.0,0.0,0.0,38.82,33.33,IDLE
0,1765272931.9490986,0.0,0.0,0.0,0.0,38.82,33.33,IDLE
0,1765272932.4646745,0.0,0.0,0.0,0.0,38.82,33.33,IDLE
0,1765272932.9734142,0.0,0.0,0.0,0.0,38.82,33.33,IDLE
0,1765272933.4743245,0.0,0.0,0.0,0.0,38.82,33.33,IDLE
0,1765272933.975184,0.0,0.0,0.0,0.0,38.82,33.33,IDLE
0,1765272934.4897094,0.0,0.0,0.0,0.0,38.82,33.33,IDLE
0,1765272935.0039768,0.0,0.0,0.0,0.0,38.82,33.33,IDLE
0,1765272935.5158026,0.0,0.0,0.0,0.0,38.82,33.33,IDLE
0,1765272936.0277593,0.0,0.0,0.0,0.0,38.82,33.33,IDLE
0,1765272936.5421352,0.0,0.0,0.0,0.0,38.82,33.33,IDLE
0,1765272937.0552373,0.0,0.0,0.0,0.0,38.82,33.33,IDLE
0,1765272937.5554388,0.0,0.0,0.0,0.0,38.82,33.33,IDLE
0,1765272938.056283,0.0,0.0,0.0,0.0,38.82,33.33,IDLE
0,1765272938.5717177,0.0,0.0,0.0,0.0,38.82,33.33,IDLE
0,1765272939.086686,0.0,0.0,0.0,0.0,38.82,33.33,IDLE
0,1765272939.5994942,0.0,0.0,0.0,0.0,38.82,33.33,IDLE
0,1765272940.1001027,0.0,0.0,0.0,0.0,38.82,33.33,IDLE
0,1765272940.612385,0.0,0.0,0.0,0.0,38.82,33.33,IDLE
0,1765272941.1280885,0.0,0.0,0.0,0.0,38.82,33.33,IDLE
0,1765272941.6419048,0.0,0.0,0.0,0.0,38.82,33.33,IDLE
0,1765272942.1562417,0.0,0.0,0.0,0.0,38.82,33.33,IDLE
0,1765272942.6583464,0.0,0.0,0.0,0.0,38.82,33.33,IDLE
0,1765272943.160297,0.0,0.0,0.0,0.0,38.82,33.33,IDLE
0,1765272943.6740327,0.0,0.0,0.0,0.0,38.82,33.33,IDLE
0,1765272944.1750674,0.0,0.0,0.0,0.0,38.82,33.33,IDLE
0,1765272944.678625,0.0,0.0,0.0,0.0,38.82,33.33,IDLE
0,1765272945.193606,0.0,0.0,0.0,0.0,38.82,33.33,IDLE
0,1765272945.7033458,0.0,0.0,0.0,0.0,38.82,33.33,IDLE
0,1765272946.2148995,0.0,0.0,0.0,0.0,38.82,33.33,IDLE
0,1765272946.7240949,0.0,0.0,0.0,0.0,38.82,33.33,IDLE
0,1765272947.2279966,0.0,0.0,0.0,0.0,38.82,33.33,IDLE
0,1765272947.7404435,0.0,0.0,0.0,0.0,38.82,33.33,IDLE
0,1765272948.2480452,0.0,0.0,0.0,0.0,38.82,33.33,IDLE
0,1765272948.7578564,0.0,0.0,0.0,0.0,38.82,33.33,IDLE
0,1765272949.2674773,0.0,0.0,0.0,0.0,38.82,33.33,IDLE
0,1765272949.7739258,0.0,0.0,0.0,0.0,38.82,33.33,IDLE
0,1765272950.2766795,0.0,0.0,0.0,0.0,38.82,33.33,IDLE
0,1765272950.7866113,0.0,0.0,0.0,0.0,38.82,33.33,IDLE
0,1765272951.2887387,0.0,0.0,0.0,0.0,38.82,33.33,IDLE
0,1765272951.7987983,0.0,0.0,0.0,0.0,38.82,33.33,IDLE
0,1765272952.30688,0.0,0.0,0.0,0.0,38.82,33.33,IDLE
0,1765272952.807855,0.0,0.0,0.0,0.0,38.82,33.33,IDLE
0,1765272953.3094072,0.0,0.0,0.0,0.0,38.82,33.33,IDLE
0,1765272953.8113985,0.0,0.0,0.0,0.0,38.82,33.33,IDLE
0,1765272954.317431,0.0,0.0,0.0,0.0,38.82,33.33,IDLE
0,1765272954.8328686,0.0,0.0,0.0,0.0,38.82,33.33,IDLE
0,1765272955.3465924,0.0,0.0,0.0,0.0,38.82,33.33,IDLE
0,1765272955.8613377,0.0,0.0,0.0,0.0,38.82,33.33,IDLE
0,1765272956.3705332,0.0,0.0,0.0,0.0,38.82,33.33,IDLE
0,1765272956.8841512,0.0,0.0,0.0,0.0,38.82,33.33,IDLE
0,1765272957.386139,0.0,0.0,0.0,0.0,38.82,33.33,IDLE
0,1765272957.886283,0.0,0.0,0.0,0.0,38.82,33.33,IDLE
0,1765272958.3870454,0.0,0.0,0.0,0.0,38.82,33.33,IDLE
0,1765272958.8886764,0.0,0.0,0.0,0.0,38.82,33.33,IDLE
0,1765272959.3892772,0.0,0.0,0.0,0.0,38.82,33.33,IDLE
0,1765272959.8918307,0.0,0.0,0.0,0.0,38.82,33.33,IDLE
0,1765272960.3958426,0.0,0.0,0.0,0.0,38.82,33.33,IDLE
0,1765272960.898328,0.0,0.0,0.0,0.0,38.82,33.33,IDLE
0,1765272961.4004195,0.0,0.0,0.0,0.0,38.82,33.33,IDLE
0,1765272961.9147177,0.0,0.0,0.0,0.0,38.82,33.33,IDLE
0,1765272962.422041,0.0,0.0,0.0,0.0,38.82,33.33,IDLE
0,1765272962.9365356,0.0,0.0,0.0,0.0,38.82,33.33,IDLE
0,1765272963.450703,0.0,0.0,0.0,0.0,38.82,33.33,IDLE
0,1765272963.9602427,0.0,0.0,0.0,0.0,38.82,33.33,IDLE
0,1765272964.4646442,0.0,0.0,0.0,0.0,38.82,33.33,IDLE
0,1765272964.9652386,0.0,0.0,0.0,0.0,38.82,33.33,IDLE
0,1765272965.4705005,0.0,0.0,0.0,0.0,38.82,33.33,IDLE
0,1765272965.9783802,0.0,0.0,0.0,0.0,38.82,33.33,IDLE
0,1765272966.4796834,0.0,0.0,0.0,0.0,38.82,33.33,IDLE
0,1765272966.981261,0.0,0.0,0.0,0.0,38.82,33.33,IDLE
0,1765272967.4830203,0.0,0.0,0.0,0.0,38.82,33.33,IDLE
0,1765272967.9980102,0.0,0.0,0.0,0.0,38.82,33.33,IDLE
0,1765272968.5108528,0.0,0.0,0.0,0.0,38.82,33.33,IDLE
0,1765272969.02283,0.0,0.0,0.0,0.0,38.82,33.33,IDLE
0,1765272969.5373735,0.0,0.0,0.0,0.0,38.82,33.33,IDLE
0,1765272970.052167,0.0,0.0,0.0,0.0,38.82,33.33,IDLE
0,1765272970.5665038,0.0,0.0,0.0,0.0,38.82,33.33,IDLE
0,1765272971.0781353,0.0,0.0,0.0,0.0,38.82,33.33,IDLE
0,1765272971.5918598,0.0,0.0,0.0,0.0,38.82,33.33,IDLE
0,1765272972.1060433,0.0,0.0,0.0,0.0,38.82,33.33,IDLE
0,1765272972.6078646,0.0,0.0,0.0,0.0,38.82,33.33,IDLE
0,1765272973.1110723,0.0,0.0,0.0,0.0,38.82,33.33,IDLE
0,1765272973.6135328,0.0,0.0,0.0,0.0,38.82,33.33,IDLE
0,1765272974.1191866,0.0,0.0,0.0,0.0,38.82,33.33,IDLE
0,1765272974.6200576,0.0,0.0,0.0,0.0,38.82,33.33,IDLE
0,1765272975.122517,0.0,0.0,0.0,0.0,38.82,33.33,IDLE
0,1765272975.628053,0.0,0.0,0.0,0.0,38.82,33.33,IDLE
0,1765272976.1407223,0.0,0.0,0.0,0.0,38.82,33.33,IDLE
0,1765272976.6462538,0.0,0.0,0.0,0.0,38.82,33.33,IDLE
0,1765272977.1588109,0.0,0.0,0.0,0.0,38.82,33.33,IDLE
0,1765272977.6644492,0.0,0.0,0.0,0.0,38.82,33.33,IDLE
0,1765272978.1777537,0.0,0.0,0.0,0.0,38.82,33.33,IDLE
0,1765272978.6947243,0.0,0.0,0.0,0.0,38.82,33.33,IDLE
0,1765272979.2070782,0.0,0.0,0.0,0.0,38.82,33.33,IDLE
0,1765272979.7151296,0.0,0.0,0.0,0.0,38.82,33.33,IDLE
0,1765272980.2175782,0.0,0.0,0.0,0.0,38.82,33.33,IDLE
0,1765272980.7301786,0.0,0.0,0.0,0.0,38.82,33.33,IDLE
0,1765272981.2339628,0.0,0.0,0.0,0.0,38.82,33.33,IDLE
0,1765272981.7431936,0.0,0.0,0.0,0.0,38.82,33.33,IDLE
0,1765272982.2465763,0.0,0.0,0.0,0.0,38.82,33.33,IDLE
0,1765272982.7544165,0.0,0.0,0.0,0.0,38.82,33.33,IDLE
0,1765272983.2584913,0.0,0.0,0.0,0.0,38.82,33.33,IDLE
0,1765272983.7634513,0.0,0.0,0.0,0.0,38.82,33.33,IDLE
0,1765272984.274207,0.0,0.0,0.0,0.0,38.82,33.33,IDLE
0,1765272984.7875776,0.0,0.0,0.0,0.0,38.82,33.33,IDLE
0,1765272985.3016202,0.0,0.0,0.0,0.0,38.82,33.33,IDLE
0,1765272985.8147094,0.0,0.0,0.0,0.0,38.82,33.33,IDLE
0,1765272986.3205454,0.0,0.0,0.0,0.0,38.82,33.33,IDLE
0,1765272986.8317134,0.0,0.0,0.0,0.0,38.82,33.33,IDLE
0,1765272987.3361166,0.0,0.0,0.0,0.0,38.82,33.33,IDLE
0,1765272987.8520987,0.0,0.0,0.0,0.0,38.82,33.33,IDLE
0,1765272988.3648357,0.0,0.0,0.0,0.0,38.82,33.33,IDLE
0,1765272988.8721669,0.0,0.0,0.0,0.0,38.82,33.33,IDLE
0,1765272989.3749075,0.0,0.0,0.0,0.0,38.82,33.33,IDLE
0,1765272989.8896558,0.0,0.0,0.0,0.0,38.82,33.33,IDLE
0,1765272990.391945,0.0,0.0,0.0,0.0,38.82,33.33,IDLE
0,1765272990.894357,0.0,0.0,0.0,0.0,38.82,33.33,IDLE
0,1765272991.400105,0.0,0.0,0.0,0.0,38.82,33.33,IDLE
0,1765272991.906811,0.0,0.0,0.0,0.0,38.82,33.33,IDLE
0,1765272992.4099379,0.0,0.0,0.0,0.0,38.82,33.33,IDLE
0,1765272992.917502,0.0,0.0,0.0,0.0,38.82,33.33,IDLE
0,1765272993.4329176,0.0,0.0,0.0,0.0,38.82,33.33,IDLE
0,1765272993.933125,0.0,0.0,0.0,0.0,38.82,33.33,IDLE
0,1765272994.4404569,0.0,0.0,0.0,0.0,38.82,33.33,IDLE
0,1765272994.9466188,0.0,0.0,0.0,0.0,38.82,33.33,IDLE
0,1765272995.4584894,0.0,0.0,0.0,0.0,38.82,33.33,IDLE
0,1765272995.9605145,0.0,0.0,0.0,0.0,38.82,33.33,IDLE
0,1765272996.4620924,0.0,0.0,0.0,0.0,38.82,33.33,IDLE
0,1765272996.9724603,0.0,0.0,0.0,0.0,38.82,33.33,IDLE
0,1765272997.482819,0.0,0.0,0.0,0.0,38.82,33.33,IDLE
0,1765272997.989706,0.0,0.0,0.0,0.0,38.82,33.33,IDLE
0,1765272998.4915957,0.0,0.0,0.0,0.0,38.82,33.33,IDLE
0,1765272999.0001552,0.0,0.0,0.0,0.0,38.82,33.33,IDLE
0,1765272999.509635,0.0,0.0,0.0,0.0,38.82,33.33,IDLE
0,1765273000.0119066,0.0,0.0,0.0,0.0,38.82,33.33,IDLE
0,1765273000.521853,0.0,0.0,0.0,0.0,38.82,33.33,IDLE
0,1765273001.0364294,0.0,0.0,0.0,0.0,38.82,33.33,IDLE
0,1765273001.5433536,0.0,0.0,0.0,0.0,38.82,33.33,IDLE
0,1765273002.053375,0.0,0.0,0.0,0.0,38.82,33.33,IDLE
0,1765273002.5553606,0.0,0.0,0.0,0.0,38.82,33.33,IDLE
0,1765273003.0649521,0.0,0.0,0.0,0.0,38.82,33.33,IDLE
0,1765273003.5768142,0.0,0.0,0.0,0.0,38.82,33.33,IDLE
0,1765273004.082929,0.0,0.0,0.0,0.0,38.82,33.33,IDLE
0,1765273004.5959916,0.0,0.0,0.0,0.0,38.82,33.33,IDLE
0,1765273005.109673,0.0,0.0,0.0,0.0,38.82,33.33,IDLE
0,1765273005.6226373,0.0,0.0,0.0,0.0,38.82,33.33,IDLE
0,1765273006.123015,0.0,0.0,0.0,0.0,38.82,33.33,IDLE
0,1765273006.6361659,0.0,0.0,0.0,0.0,38.82,33.33,IDLE
0,1765273007.1373434,0.0,0.0,0.0,0.0,38.82,33.33,IDLE
0,1765273007.6404877,0.0,0.0,0.0,0.0,38.82,33.33,IDLE
0,1765273008.1535332,0.0,0.0,0.0,0.0,38.82,33.33,IDLE
0,1765273008.658408,0.0,0.0,0.0,0.0,38.82,33.33,IDLE
0,1765273009.1636329,0.0,0.0,0.0,0.0,38.82,33.33,IDLE
0,1765273009.673009,0.0,0.0,0.0,0.0,38.82,33.33,IDLE
0,1765273010.183164,0.0,0.0,0.0,0.0,38.82,33.33,IDLE
0,1765273010.6888068,0.0,0.0,0.0,0.0,38.82,33.33,IDLE
0,1765273011.1927314,0.0,0.0,0.0,0.0,38.82,33.33,IDLE
0,1765273011.6957617,0.0,0.0,0.0,0.0,38.82,33.33,IDLE
0,1765273012.198457,0.0,0.0,0.0,0.0,38.82,33.33,IDLE
0,1765273012.7131877,0.0,0.0,0.0,0.0,38.82,33.33,IDLE
0,1765273013.2250648,0.0,0.0,0.0,0.0,38.82,33.33,IDLE
0,1765273013.7455263,0.0,0.0,0.0,0.0,38.82,33.33,IDLE
0,1765273014.2558649,0.0,0.0,0.0,0.0,38.82,33.33,IDLE
0,1765273014.7615402,0.0,0.0,0.0,0.0,38.82,33.33,IDLE
0,1765273015.2622056,0.0,0.0,0.0,0.0,38.82,33.33,IDLE
0,1765273015.7674274,0.0,0.0,0.0,0.0,38.82,33.33,IDLE
0,1765273016.274001,0.0,0.0,0.0,0.0,38.82,33.33,IDLE
0,1765273016.7776828,0.0,0.0,0.0,0.0,38.82,33.33,IDLE
0,1765273017.2783833,0.0,0.0,0.0,0.0,38.82,33.33,IDLE
0,1765273017.779594,0.0,0.0,0.0,0.0,38.82,33.33,IDLE
0,1765273018.282804,0.0,0.0,0.0,0.0,38.82,33.33,IDLE
0,1765273018.7863066,0.0,0.0,0.0,0.0,38.82,33.33,IDLE
0,1765273019.3004718,0.0,0.0,0.0,0.0,38.82,33.33,IDLE
0,1765273019.8147166,0.0,0.0,0.0,0.0,38.82,33.33,IDLE
0,1765273020.3296676,0.0,0.0,0.0,0.0,38.82,33.33,IDLE
0,1765273020.8405893,0.0,0.0,0.0,0.0,38.82,33.33,IDLE
0,1765273021.3533475,0.0,0.0,0.0,0.0,38.82,33.33,IDLE
0,1765273021.8585,0.0,0.0,0.0,0.0,38.82,33.33,IDLE
0,1765273022.3622594,0.0,0.0,0.0,0.0,38.82,33.33,IDLE
0,1765273022.864433,0.0,0.0,0.0,0.0,38.82,33.33,IDLE
0,1765273023.3796635,0.0,0.0,0.0,0.0,38.82,33.33,IDLE
0,1765273023.8883877,0.0,0.0,0.0,0.0,38.82,33.33,IDLE
0,1765273024.3925428,0.0,0.0,0.0,0.0,38.82,33.33,IDLE
0,1765273024.8960638,0.0,0.0,0.0,0.0,38.82,33.33,IDLE
0,1765273025.3971677,0.0,0.0,0.0,0.0,38.82,33.33,IDLE
0,1765273025.901441,0.0,0.0,0.0,0.0,38.82,33.33,IDLE
0,1765273026.415003,0.0,0.0,0.0,0.0,38.82,33.33,IDLE
0,1765273026.9151342,0.0,0.0,0.0,0.0,38.82,33.33,IDLE
0,1765273027.4271364,0.0,0.0,0.0,0.0,38.82,33.33,IDLE
0,1765273027.9419575,0.0,0.0,0.0,0.0,38.82,33.33,IDLE
0,1765273028.4464495,0.0,0.0,0.0,0.0,38.82,33.33,IDLE
0,1765273028.955675,0.0,0.0,0.0,0.0,38.82,33.33,IDLE
0,1765273029.4644687,0.0,0.0,0.0,0.0,38.82,33.33,IDLE
0,1765273029.968213,0.0,0.0,0.0,0.0,38.82,33.33,IDLE
0,1765273030.4706852,0.0,0.0,0.0,0.0,38.82,33.33,IDLE
0,1765273030.9766767,0.0,0.0,0.0,0.0,38.82,33.33,IDLE
0,1765273031.4864168,0.0,0.0,0.0,0.0,38.82,33.33,IDLE
0,1765273032.002081,0.0,0.0,0.0,0.0,38.82,33.33,IDLE
0,1765273032.5151267,0.0,0.0,0.0,0.0,38.82,33.33,IDLE
0,1765273033.0302658,0.0,0.0,0.0,0.0,38.82,33.33,IDLE
0,1765273033.5431614,0.0,0.0,0.0,0.0,38.82,33.33,IDLE
0,1765273034.0578492,0.0,0.0,0.0,0.0,38.82,33.33,IDLE
0,1765273034.5705934,0.0,0.0,0.0,0.0,38.82,33.33,IDLE
0,1765273035.08193,0.0,0.0,0.0,0.0,38.82,33.33,IDLE
0,1765273035.5959175,0.0,0.0,0.0,0.0,38.82,33.33,IDLE
0,1765273036.107463,0.0,0.0,0.0,0.0,38.82,33.33,IDLE
0,1765273036.610086,0.0,0.0,0.0,0.0,38.82,33.33,IDLE
0,1765273037.1113033,0.0,0.0,0.0,0.0,38.82,33.33,IDLE
0,1765273037.6224556,0.0,0.0,0.0,0.0,38.82,33.33,IDLE
0,1765273038.1245804,0.0,0.0,0.0,0.0,38.82,33.33,IDLE
0,1765273038.6301003,0.0,0.0,0.0,0.0,38.82,33.33,IDLE
0,1765273039.1420305,0.0,0.0,0.0,0.0,38.82,33.33,IDLE
0,1765273039.6558692,0.0,0.0,0.0,0.0,38.82,33.33,IDLE
0,1765273040.1563106,0.0,0.0,0.0,0.0,38.82,33.33,IDLE
0,1765273040.6942093,0.0,0.0,0.0,0.0,38.82,33.33,IDLE
0,1765273041.2330189,0.0,0.0,0.0,0.0,38.82,33.33,IDLE
0,1765273041.7455947,0.0,0.0,0.0,0.0,38.82,33.33,IDLE
0,1765273042.2548466,0.0,0.0,0.0,0.0,38.82,33.33,IDLE
0,1765273042.7694154,0.0,0.0,0.0,0.0,38.82,33.33,IDLE
0,1765273043.2814622,0.0,0.0,0.0,0.0,38.82,33.33,IDLE
0,1765273043.782807,0.0,0.0,0.0,0.0,38.82,33.33,IDLE
0,1765273044.2973833,0.0,0.0,0.0,0.0,38.82,33.33,IDLE
0,1765273044.8044205,0.0,0.0,0.0,0.0,38.82,33.33,IDLE
0,1765273045.3171406,0.0,0.0,0.0,0.0,38.82,33.33,IDLE
0,1765273045.8283274,0.0,0.0,0.0,0.0,38.82,33.33,IDLE
0,1765273046.3339689,0.0,0.0,0.0,0.0,38.82,33.33,IDLE
0,1765273046.846762,0.0,0.0,0.0,0.0,38.82,33.33,IDLE
0,1765273047.3588922,0.0,0.0,0.0,0.0,38.82,33.33,IDLE
0,1765273047.872698,0.0,0.0,0.0,0.0,38.82,33.33,IDLE
0,1765273048.3776782,0.0,0.0,0.0,0.0,38.82,33.33,IDLE
0,1765273048.890415,0.0,0.0,0.0,0.0,38.82,33.33,IDLE
0,1765273049.4051962,0.0,0.0,0.0,0.0,38.82,33.33,IDLE
0,1765273049.905823,0.0,0.0,0.0,0.0,38.82,33.33,IDLE
0,1765273050.420825,0.0,0.0,0.0,0.0,38.82,33.33,IDLE
0,1765273050.9214942,0.0,0.0,0.0,0.0,38.82,33.33,IDLE
0,1765273051.4343472,0.0,0.0,0.0,0.0,38.82,33.33,IDLE
0,1765273051.9484568,0.0,0.0,0.0,0.0,38.82,33.33,IDLE
0,1765273052.4585607,0.0,0.0,0.0,0.0,38.82,33.33,IDLE
0,1765273052.9616046,0.0,0.0,0.0,0.0,38.82,33.33,IDLE
0,1765273053.464594,0.0,0.0,0.0,0.0,38.82,33.33,IDLE
0,1765273053.9698472,0.0,0.0,0.0,0.0,38.82,33.33,IDLE
0,1765273054.470081,0.0,0.0,0.0,0.0,38.82,33.33,IDLE
0,1765273054.9802964,0.0,0.0,0.0,0.0,38.82,33.33,IDLE
0,1765273055.484805,0.0,0.0,0.0,0.0,38.82,33.33,IDLE
0,1765273055.9885597,0.0,0.0,0.0,0.0,38.82,33.33,IDLE
0,1765273056.5009115,0.0,0.0,0.0,0.0,38.82,33.33,IDLE
0,1765273057.008538,0.0,0.0,0.0,0.0,38.82,33.33,IDLE
0,1765273057.5104377,0.0,0.0,0.0,0.0,38.82,33.33,IDLE
0,1765273058.0208075,0.0,0.0,0.0,0.0,38.82,33.33,IDLE
0,1765273058.5252752,0.0,0.0,0.0,0.0,38.82,33.33,IDLE
0,1765273059.0280828,0.0,0.0,0.0,0.0,38.82,33.33,IDLE
0,1765273059.5313368,0.0,0.0,0.0,0.0,38.82,33.33,IDLE
0,1765273060.0418355,0.0,0.0,0.0,0.0,38.82,33.33,IDLE
0,1765273060.551745,0.0,0.0,0.0,0.0,38.82,33.33,IDLE
0,1765273061.064854,0.0,0.0,0.0,0.0,38.82,33.33,IDLE
0,1765273061.5791903,0.0,0.0,0.0,0.0,38.82,33.33,IDLE
0,1765273062.0998538,0.0,0.0,0.0,0.0,38.82,33.33,IDLE
0,1765273062.6068778,0.0,0.0,0.0,0.0,38.82,33.33,IDLE
0,1765273063.1208599,0.0,0.0,0.0,0.0,38.82,33.33,IDLE
0,1765273063.6314914,0.0,0.0,0.0,0.0,38.82,33.33,IDLE
0,1765273064.1327627,0.0,0.0,0.0,0.0,38.82,33.33,IDLE
0,1765273064.6438975,0.0,0.0,0.0,0.0,38.82,33.33,IDLE
0,1765273065.1461763,0.0,0.0,0.0,0.0,38.82,33.33,IDLE
0,1765273065.6621733,0.0,0.0,0.0,0.0,38.82,33.33,IDLE
0,1765273066.1693928,0.0,0.0,0.0,0.0,38.82,33.33,IDLE
0,1765273066.682991,0.0,0.0,0.0,0.0,38.82,33.33,IDLE
0,1765273067.185125,0.0,0.0,0.0,0.0,38.82,33.33,IDLE
0,1765273067.6904302,0.0,0.0,0.0,0.0,38.82,33.33,IDLE
0,1765273068.1921468,0.0,0.0,0.0,0.0,38.82,33.33,IDLE
0,1765273068.695862,0.0,0.0,0.0,0.0,38.82,33.33,IDLE
0,1765273069.208892,0.0,0.0,0.0,0.0,38.82,33.33,IDLE
0,1765273069.7223313,0.0,0.0,0.0,0.0,38.82,33.33,IDLE
0,1765273070.2360833,0.0,0.0,0.0,0.0,38.82,33.33,IDLE
0,1765273070.7504804,0.0,0.0,0.0,0.0,38.82,33.33,IDLE
0,1765273071.260535,0.0,0.0,0.0,0.0,38.82,33.33,IDLE
0,1765273071.764862,0.0,0.0,0.0,0.0,38.82,33.33,IDLE
0,1765273072.2741716,0.0,0.0,0.0,0.0,38.82,33.33,IDLE
0,1765273072.7767446,0.0,0.0,0.0,0.0,38.82,33.33,IDLE
0,1765273073.2827883,0.0,0.0,0.0,0.0,38.82,33.33,IDLE
0,1765273073.7857833,0.0,0.0,0.0,0.0,38.82,33.33,IDLE
0,1765273074.2897267,0.0,0.0,0.0,0.0,38.82,33.33,IDLE
0,1765273074.8052247,0.0,0.0,0.0,0.0,38.82,33.33,IDLE
0,1765273075.3190212,0.0,0.0,0.0,0.0,38.82,33.33,IDLE
0,1765273075.83419,0.0,0.0,0.0,0.0,38.82,33.33,IDLE
0,1765273076.3482378,0.0,0.0,0.0,0.0,38.82,33.33,IDLE
0,1765273076.8623657,0.0,0.0,0.0,0.0,38.82,33.33,IDLE
0,1765273077.3765285,0.0,0.0,0.0,0.0,38.82,33.33,IDLE
0,1765273077.8879778,0.0,0.0,0.0,0.0,38.82,33.33,IDLE
0,1765273078.4030828,0.0,0.0,0.0,0.0,38.82,33.33,IDLE
0,1765273078.9175022,0.0,0.0,0.0,0.0,38.82,33.33,IDLE
0,1765273079.4301987,0.0,0.0,0.0,0.0,38.82,33.33,IDLE
0,1765273079.945572,0.0,0.0,0.0,0.0,38.82,33.33,IDLE
0,1765273080.4457843,0.0,0.0,0.0,0.0,38.82,33.33,IDLE
0,1765273080.9586155,0.0,0.0,0.0,0.0,38.82,33.33,IDLE
0,1765273081.466867,0.0,0.0,0.0,0.0,38.82,33.33,IDLE
0,1765273081.967491,0.0,0.0,0.0,0.0,38.82,33.33,IDLE
0,1765273082.4752967,0.0,0.0,0.0,0.0,38.82,33.33,IDLE
0,1765273082.9781601,0.0,0.0,0.0,0.0,38.82,33.33,IDLE
0,1765273083.4928765,0.0,0.0,0.0,0.0,38.82,33.33,IDLE
0,1765273084.0030205,0.0,0.0,0.0,0.0,38.82,33.33,IDLE
0,1765273084.515114,0.0,0.0,0.0,0.0,38.82,33.33,IDLE
0,1765273085.0278027,0.0,0.0,0.0,0.0,38.82,33.33,IDLE
0,1765273085.543183,0.0,0.0,0.0,0.0,38.82,33.33,IDLE
0,1765273086.0537827,0.0,0.0,0.0,0.0,38.82,33.33,IDLE
0,1765273086.5690515,0.0,0.0,0.0,0.0,38.82,33.33,IDLE
0,1765273087.070539,0.0,0.0,0.0,0.0,38.82,33.33,IDLE
0,1765273087.584717,0.0,0.0,0.0,0.0,38.82,33.33,IDLE
0,1765273088.0982926,0.0,0.0,0.0,0.0,38.82,33.33,IDLE
0,1765273088.5992796,0.0,0.0,0.0,0.0,38.82,33.33,IDLE
0,1765273089.1147077,0.0,0.0,0.0,0.0,38.82,33.33,IDLE
0,1765273089.628722,0.0,0.0,0.0,0.0,38.82,33.33,IDLE
0,1765273090.1429214,0.0,0.0,0.0,0.0,38.82,33.33,IDLE
0,1765273090.6465318,0.0,0.0,0.0,0.0,38.82,33.33,IDLE
0,1765273091.1558185,0.0,0.0,0.0,0.0,38.82,33.33,IDLE
0,1765273091.6587415,0.0,0.0,0.0,0.0,38.82,33.33,IDLE
0,1765273092.1617181,0.0,0.0,0.0,0.0,38.82,33.33,IDLE
0,1765273092.6623614,0.0,0.0,0.0,0.0,38.82,33.33,IDLE
0,1765273093.1750112,0.0,0.0,0.0,0.0,38.82,33.33,IDLE
0,1765273093.6905236,0.0,0.0,0.0,0.0,38.82,33.33,IDLE
0,1765273094.2042904,0.0,0.0,0.0,0.0,38.82,33.33,IDLE
0,1765273094.7071645,0.0,0.0,0.0,0.0,38.82,33.33,IDLE
0,1765273095.2176902,0.0,0.0,0.0,0.0,38.82,33.33,IDLE
0,1765273095.7224205,0.0,0.0,0.0,0.0,38.82,33.33,IDLE
0,1765273096.2305193,0.0,0.0,0.0,0.0,38.82,33.33,IDLE
0,1765273096.744426,0.0,0.0,0.0,0.0,38.82,33.33,IDLE
0,1765273097.2534244,0.0,0.0,0.0,0.0,38.82,33.33,IDLE
0,1765273097.7673495,0.0,0.0,0.0,0.0,38.82,33.33,IDLE
0,1765273098.2801824,0.0,0.0,0.0,0.0,38.82,33.33,IDLE
0,1765273098.790832,0.0,0.0,0.0,0.0,38.82,33.33,IDLE
0,1765273099.3010068,0.0,0.0,0.0,0.0,38.82,33.33,IDLE
0,1765273099.809966,0.0,0.0,0.0,0.0,38.82,33.33,IDLE
0,1765273100.3139243,0.0,0.0,0.0,0.0,38.82,33.33,IDLE
0,1765273100.8222353,0.0,0.0,0.0,0.0,38.82,33.33,IDLE
0,1765273101.326966,0.0,0.0,0.0,0.0,38.82,33.33,IDLE
0,1765273101.8316083,0.0,0.0,0.0,0.0,38.82,33.33,IDLE
0,1765273102.3344352,0.0,0.0,0.0,0.0,38.82,33.33,IDLE
0,1765273102.845595,0.0,0.0,0.0,0.0,38.82,33.33,IDLE
0,1765273103.3602757,0.0,0.0,0.0,0.0,38.82,33.33,IDLE
0,1765273103.8715947,0.0,0.0,0.0,0.0,38.82,33.33,IDLE
0,1765273104.3738914,0.0,0.0,0.0,0.0,38.82,33.33,IDLE
0,1765273104.8801646,0.0,0.0,0.0,0.0,38.82,33.33,IDLE
0,1765273105.3859375,0.0,0.0,0.0,0.0,38.82,33.33,IDLE
0,1765273105.9008415,0.0,0.0,0.0,0.0,38.82,33.33,IDLE
0,1765273106.4075663,0.0,0.0,0.0,0.0,38.82,33.33,IDLE
0,1765273106.9080245,0.0,0.0,0.0,0.0,38.82,33.33,IDLE
0,1765273107.4102254,0.0,0.0,0.0,0.0,38.82,33.33,IDLE
0,1765273107.924477,0.0,0.0,0.0,0.0,38.82,33.33,IDLE
0,1765273108.4331234,0.0,0.0,0.0,0.0,38.82,33.33,IDLE
0,1765273108.9446187,0.0,0.0,0.0,0.0,38.82,33.33,IDLE
0,1765273109.4585521,0.0,0.0,0.0,0.0,38.82,33.33,IDLE
0,1765273109.95889,0.0,0.0,0.0,0.0,38.82,33.33,IDLE
0,1765273110.467367,0.0,0.0,0.0,0.0,38.82,33.33,IDLE
0,1765273110.9769752,0.0,0.0,0.0,0.0,38.82,33.33,IDLE
0,1765273111.4799802,0.0,0.0,0.0,0.0,38.82,33.33,IDLE
0,1765273111.9917653,0.0,0.0,0.0,0.0,38.82,33.33,IDLE
0,1765273112.4971027,0.0,0.0,0.0,0.0,38.82,33.33,IDLE
0,1765273113.0106497,0.0,0.0,0.0,0.0,38.82,33.33,IDLE
0,1765273113.5193226,0.0,0.0,0.0,0.0,38.82,33.33,IDLE
0,1765273114.0208821,0.0,0.0,0.0,0.0,38.82,33.33,IDLE
0,1765273114.5332305,0.0,0.0,0.0,0.0,38.82,33.33,IDLE
0,1765273115.0346594,0.0,0.0,0.0,0.0,38.82,33.33,IDLE
0,1765273115.55885,0.0,0.0,0.0,0.0,38.82,33.33,IDLE
0,1765273116.0633883,0.0,0.0,0.0,0.0,38.82,33.33,IDLE
0,1765273116.5714333,0.0,0.0,0.0,0.0,38.82,33.33,IDLE
0,1765273117.0785213,0.0,0.0,0.0,0.0,38.82,33.33,IDLE
0,1765273117.5813313,0.0,0.0,0.0,0.0,38.82,33.33,IDLE
0,1765273118.0868595,0.0,0.0,0.0,0.0,38.82,33.33,IDLE
0,1765273118.5991564,0.0,0.0,0.0,0.0,38.82,33.33,IDLE
0,1765273119.1087406,0.0,0.0,0.0,0.0,38.82,33.33,IDLE
0,1765273119.621463,0.0,0.0,0.0,0.0,38.82,33.33,IDLE
0,1765273120.134455,0.0,0.0,0.0,0.0,38.82,33.33,IDLE
0,1765273120.6474645,0.0,0.0,0.0,0.0,38.82,33.33,IDLE
0,1765273121.1607676,0.0,0.0,0.0,0.0,38.82,33.33,IDLE
0,1765273121.6767037,0.0,0.0,0.0,0.0,38.82,33.33,IDLE
0,1765273122.1780286,0.0,0.0,0.0,0.0,38.82,33.33,IDLE
0,1765273122.6934774,0.0,0.0,0.0,0.0,38.82,33.33,IDLE
0,1765273123.204913,0.0,0.0,0.0,0.0,38.82,33.33,IDLE
0,1765273123.7183964,0.0,0.0,0.0,0.0,38.82,33.33,IDLE
0,1765273124.2328324,0.0,0.0,0.0,0.0,38.82,33.33,IDLE
0,1765273124.7417176,0.0,0.0,0.0,0.0,38.82,33.33,IDLE
0,1765273125.2555654,0.0,0.0,0.0,0.0,38.82,33.33,IDLE
0,1765273125.7556393,0.0,0.0,0.0,0.0,38.82,33.33,IDLE
0,1765273126.2631483,0.0,0.0,0.0,0.0,38.82,33.33,IDLE
0,1765273126.7776759,0.0,0.0,0.0,0.0,38.82,33.33,IDLE
0,1765273127.2906206,0.0,0.0,0.0,0.0,38.82,33.33,IDLE
0,1765273127.8050053,0.0,0.0,0.0,0.0,38.82,33.33,IDLE
0,1765273128.341802,0.0,0.0,0.0,0.0,38.82,33.33,IDLE
0,1765273128.8674712,0.0,0.0,0.0,0.0,38.82,33.33,IDLE
0,1765273129.3770523,0.0,0.0,0.0,0.0,38.82,33.33,IDLE
0,1765273129.8774714,0.0,0.0,0.0,0.0,38.82,33.33,IDLE
0,1765273130.3798778,0.0,0.0,0.0,0.0,38.82,33.33,IDLE
0,1765273130.8853707,0.0,0.0,0.0,0.0,38.82,33.33,IDLE
0,1765273131.3860192,0.0,0.0,0.0,0.0,38.82,33.33,IDLE
0,1765273131.8896656,0.0,0.0,0.0,0.0,38.82,33.33,IDLE
0,1765273132.394636,0.0,0.0,0.0,0.0,38.82,33.33,IDLE
0,1765273132.9096603,0.0,0.0,0.0,0.0,38.82,33.33,IDLE
0,1765273133.4243367,0.0,0.0,0.0,0.0,38.82,33.33,IDLE
0,1765273133.9394276,0.0,0.0,0.0,0.0,38.82,33.33,IDLE
0,1765273134.4466162,0.0,0.0,0.0,0.0,38.82,33.33,IDLE
0,1765273134.9554963,0.0,0.0,0.0,0.0,38.82,33.33,IDLE
0,1765273135.4571126,0.0,0.0,0.0,0.0,38.82,33.33,IDLE
0,1765273135.9707851,0.0,0.0,0.0,0.0,38.82,33.33,IDLE
0,1765273136.4895568,0.0,0.0,0.0,0.0,38.82,33.33,IDLE
0,1765273136.999387,0.0,0.0,0.0,0.0,38.82,33.33,IDLE
0,1765273137.510662,0.0,0.0,0.0,0.0,38.82,33.33,IDLE
0,1765273138.0217087,0.0,0.0,0.0,0.0,38.82,33.33,IDLE
0,1765273138.5363958,0.0,0.0,0.0,0.0,38.82,33.33,IDLE
0,1765273139.0396914,0.0,0.0,0.0,0.0,38.82,33.33,IDLE
0,1765273139.5534444,0.0,0.0,0.0,0.0,38.82,33.33,IDLE
0,1765273140.0664115,0.0,0.0,0.0,0.0,38.82,33.33,IDLE
0,1765273140.5729096,0.0,0.0,0.0,0.0,38.82,33.33,IDLE
0,1765273141.073388,0.0,0.0,0.0,0.0,38.82,33.33,IDLE
0,1765273141.5762427,0.0,0.0,0.0,0.0,38.82,33.33,IDLE
0,1765273142.0766494,0.0,0.0,0.0,0.0,38.82,33.33,IDLE
0,1765273142.5893142,0.0,0.0,0.0,0.0,38.82,33.33,IDLE
0,1765273143.1011338,0.0,0.0,0.0,0.0,38.82,33.33,IDLE
0,1765273143.6017938,0.0,0.0,0.0,0.0,38.82,33.33,IDLE
0,1765273144.1072736,0.0,0.0,0.0,0.0,38.82,33.33,IDLE
0,1765273144.6148758,0.0,0.0,0.0,0.0,38.82,33.33,IDLE
0,1765273145.1269755,0.0,0.0,0.0,0.0,38.82,33.33,IDLE
0,1765273145.640956,0.0,0.0,0.0,0.0,38.82,33.33,IDLE
0,1765273146.1533535,0.0,0.0,0.0,0.0,38.82,33.33,IDLE
0,1765273146.66837,0.0,0.0,0.0,0.0,38.82,33.33,IDLE
0,1765273147.181612,0.0,0.0,0.0,0.0,38.82,33.33,IDLE
0,1765273147.6966217,0.0,0.0,0.0,0.0,38.82,33.33,IDLE
0,1765273148.2123158,0.0,0.0,0.0,0.0,38.82,33.33,IDLE
0,1765273148.7193387,0.0,0.0,0.0,0.0,38.82,33.33,IDLE
0,1765273149.220437,0.0,0.0,0.0,0.0,38.82,33.33,IDLE
0,1765273149.7376776,0.0,0.0,0.0,0.0,38.82,33.33,IDLE
0,1765273150.2436478,0.0,0.0,0.0,0.0,38.82,33.33,IDLE
0,1765273150.7442133,0.0,0.0,0.0,0.0,38.82,33.33,IDLE
0,1765273151.2577305,0.0,0.0,0.0,0.0,38.82,33.33,IDLE
0,1765273151.7594848,0.0,0.0,0.0,0.0,38.82,33.33,IDLE
0,1765273152.2685113,0.0,0.0,0.0,0.0,38.82,33.33,IDLE
0,1765273152.783137,0.0,0.0,0.0,0.0,38.82,33.33,IDLE
0,1765273153.3009286,0.0,0.0,0.0,0.0,38.82,33.33,IDLE
0,1765273153.80971,0.0,0.0,0.0,0.0,38.82,33.33,IDLE
0,1765273154.3191302,0.0,0.0,0.0,0.0,38.82,33.33,IDLE
0,1765273154.8305583,0.0,0.0,0.0,0.0,38.82,33.33,IDLE
0,1765273155.3314593,0.0,0.0,0.0,0.0,38.82,33.33,IDLE
0,1765273155.8356311,0.0,0.0,0.0,0.0,38.82,33.33,IDLE
0,1765273156.344532,0.0,0.0,0.0,0.0,38.82,33.33,IDLE
0,1765273156.8509479,0.0,0.0,0.0,0.0,38.82,33.33,IDLE
0,1765273157.3533397,0.0,0.0,0.0,0.0,38.82,33.33,IDLE
0,1765273157.8630679,0.0,0.0,0.0,0.0,38.82,33.33,IDLE
0,1765273158.3751686,0.0,0.0,0.0,0.0,38.82,33.33,IDLE
0,1765273158.8783638,0.0,0.0,0.0,0.0,38.82,33.33,IDLE
0,1765273159.3788776,0.0,0.0,0.0,0.0,38.82,33.33,IDLE
0,1765273159.887434,0.0,0.0,0.0,0.0,38.82,33.33,IDLE
0,1765273160.3920305,0.0,0.0,0.0,0.0,38.82,33.33,IDLE
0,1765273160.9134698,0.0,0.0,0.0,0.0,38.82,33.33,IDLE
0,1765273161.4223375,0.0,0.0,0.0,0.0,38.82,33.33,IDLE
0,1765273161.9342735,0.0,0.0,0.0,0.0,38.82,33.33,IDLE
0,1765273162.444425,0.0,0.0,0.0,0.0,38.82,33.33,IDLE
0,1765273162.9563913,0.0,0.0,0.0,0.0,38.82,33.33,IDLE
0,1765273163.4705791,0.0,0.0,0.0,0.0,38.82,33.33,IDLE
0,1765273163.9840035,0.0,0.0,0.0,0.0,38.82,33.33,IDLE
0,1765273164.4984436,0.0,0.0,0.0,0.0,38.82,33.33,IDLE
0,1765273165.0131652,0.0,0.0,0.0,0.0,38.82,33.33,IDLE
0,1765273165.5267434,0.0,0.0,0.0,0.0,38.82,33.33,IDLE
0,1765273166.0423372,0.0,0.0,0.0,0.0,38.82,33.33,IDLE
0,1765273166.543512,0.0,0.0,0.0,0.0,38.82,33.33,IDLE
0,1765273167.0518174,0.0,0.0,0.0,0.0,38.82,33.33,IDLE
0,1765273167.5620637,0.0,0.0,0.0,0.0,38.82,33.33,IDLE
0,1765273168.0706615,0.0,0.0,0.0,0.0,38.82,33.33,IDLE
0,1765273168.5843189,0.0,0.0,0.0,0.0,38.82,33.33,IDLE
0,1765273169.095407,0.0,0.0,0.0,0.0,38.82,33.33,IDLE
0,1765273169.6075175,0.0,0.0,0.0,0.0,38.82,33.33,IDLE
0,1765273170.1254282,0.0,0.0,0.0,0.0,38.82,33.33,IDLE
0,1765273170.6406522,0.0,0.0,0.0,0.0,38.82,33.33,IDLE
0,1765273171.1436646,0.0,0.0,0.0,0.0,38.82,33.33,IDLE
0,1765273171.6446617,0.0,0.0,0.0,0.0,38.82,33.33,IDLE
0,1765273172.156365,0.0,0.0,0.0,0.0,38.82,33.33,IDLE
0,1765273172.6589084,0.0,0.0,0.0,0.0,38.82,33.33,IDLE
0,1765273173.172535,0.0,0.0,0.0,0.0,38.82,33.33,IDLE
0,1765273173.6832423,0.0,0.0,0.0,0.0,38.82,33.33,IDLE
0,1765273174.195943,0.0,0.0,0.0,0.0,38.82,33.33,IDLE
0,1765273174.7093718,0.0,0.0,0.0,0.0,38.82,33.33,IDLE
0,1765273175.222781,0.0,0.0,0.0,0.0,38.82,33.33,IDLE
0,1765273175.7254233,0.0,0.0,0.0,0.0,38.82,33.33,IDLE
0,1765273176.2285848,0.0,0.0,0.0,0.0,38.82,33.33,IDLE
0,1765273176.7420914,0.0,0.0,0.0,0.0,38.82,33.33,IDLE
0,1765273177.2553368,0.0,0.0,0.0,0.0,38.82,33.33,IDLE
0,1765273177.7562833,0.0,0.0,0.0,0.0,38.82,33.33,IDLE
0,1765273178.268944,0.0,0.0,0.0,0.0,38.82,33.33,IDLE
0,1765273178.7766001,0.0,0.0,0.0,0.0,38.82,33.33,IDLE
0,1765273179.2831557,0.0,0.0,0.0,0.0,38.82,33.33,IDLE
0,1765273179.7896824,0.0,0.0,0.0,0.0,38.82,33.33,IDLE
0,1765273180.3011796,0.0,0.0,0.0,0.0,38.82,33.33,IDLE
0,1765273180.81046,0.0,0.0,0.0,0.0,38.82,33.33,IDLE
0,1765273181.3175871,0.0,0.0,0.0,0.0,38.82,33.33,IDLE
0,1765273181.8224263,0.0,0.0,0.0,0.0,38.82,33.33,IDLE
0,1765273182.3252308,0.0,0.0,0.0,0.0,38.82,33.33,IDLE
0,1765273182.8413818,0.0,0.0,0.0,0.0,38.82,33.33,IDLE
0,1765273183.3436613,0.0,0.0,0.0,0.0,38.82,33.33,IDLE
0,1765273183.8467236,0.0,0.0,0.0,0.0,38.82,33.33,IDLE
0,1765273184.3540866,0.0,0.0,0.0,0.0,38.82,33.33,IDLE
0,1765273184.8608112,0.0,0.0,0.0,0.0,38.82,33.33,IDLE
0,1765273185.363653,0.0,0.0,0.0,0.0,38.82,33.33,IDLE
0,1765273185.8658135,0.0,0.0,0.0,0.0,38.82,33.33,IDLE
0,1765273186.3671901,0.0,0.0,0.0,0.0,38.82,33.33,IDLE
0,1765273186.876711,0.0,0.0,0.0,0.0,38.82,33.33,IDLE
0,1765273187.3780434,0.0,0.0,0.0,0.0,38.82,33.33,IDLE
0,1765273187.8801188,0.0,0.0,0.0,0.0,38.82,33.33,IDLE
0,1765273188.3846285,0.0,0.0,0.0,0.0,38.82,33.33,IDLE
0,1765273188.8892474,0.0,0.0,0.0,0.0,38.82,33.33,IDLE
0,1765273189.4015498,0.0,0.0,0.0,0.0,38.82,33.33,IDLE
0,1765273189.9155967,0.0,0.0,0.0,0.0,38.82,33.33,IDLE
0,1765273190.4280164,0.0,0.0,0.0,0.0,38.82,33.33,IDLE
0,1765273190.9302175,0.0,0.0,0.0,0.0,38.82,33.33,IDLE
0,1765273191.4304366,0.0,0.0,0.0,0.0,38.82,33.33,IDLE
0,1765273191.9403994,0.0,0.0,0.0,0.0,38.82,33.33,IDLE
0,1765273192.4439633,0.0,0.0,0.0,0.0,38.82,33.33,IDLE
0,1765273192.9556932,0.0,0.0,0.0,0.0,38.82,33.33,IDLE
0,1765273193.463663,0.0,0.0,0.0,0.0,38.82,33.33,IDLE
0,1765273193.971905,0.0,0.0,0.0,0.0,38.82,33.33,IDLE
0,1765273194.4861393,0.0,0.0,0.0,0.0,38.82,33.33,IDLE
0,1765273194.9958725,0.0,0.0,0.0,0.0,38.82,33.33,IDLE
0,1765273195.5123043,0.0,0.0,0.0,0.0,38.82,33.33,IDLE
0,1765273196.0133162,0.0,0.0,0.0,0.0,38.82,33.33,IDLE
0,1765273196.519531,0.0,0.0,0.0,0.0,38.82,33.33,IDLE
0,1765273197.0267167,0.0,0.0,0.0,0.0,38.82,33.33,IDLE
0,1765273197.5324786,0.0,0.0,0.0,0.0,38.82,33.33,IDLE
0,1765273198.0348861,0.0,0.0,0.0,0.0,38.82,33.33,IDLE
0,1765273198.5393865,0.0,0.0,0.0,0.0,38.82,33.33,IDLE
0,1765273199.0475006,0.0,0.0,0.0,0.0,38.82,33.33,IDLE
0,1765273199.5596163,0.0,0.0,0.0,0.0,38.82,33.33,IDLE
0,1765273200.0597796,0.0,0.0,0.0,0.0,38.82,33.33,IDLE
0,1765273200.5616238,0.0,0.0,0.0,0.0,38.82,33.33,IDLE
0,1765273201.0717604,0.0,0.0,0.0,0.0,38.82,33.33,IDLE
0,1765273201.58494,0.0,0.0,0.0,0.0,38.82,33.33,IDLE
0,1765273202.0916038,0.0,0.0,0.0,0.0,38.82,33.33,IDLE
0,1765273202.5935323,0.0,0.0,0.0,0.0,38.82,33.33,IDLE
0,1765273203.1064582,0.0,0.0,0.0,0.0,38.82,33.33,IDLE
0,1765273203.6111555,0.0,0.0,0.0,0.0,38.82,33.33,IDLE
0,1765273204.113332,0.0,0.0,0.0,0.0,38.82,33.33,IDLE
0,1765273204.6207418,0.0,0.0,0.0,0.0,38.82,33.33,IDLE
0,1765273205.137248,0.0,0.0,0.0,0.0,38.82,33.33,IDLE
0,1765273205.654528,0.0,0.0,0.0,0.0,38.82,33.33,IDLE
0,1765273206.15669,0.0,0.0,0.0,0.0,38.82,33.33,IDLE
0,1765273206.6575813,0.0,0.0,0.0,0.0,38.82,33.33,IDLE
0,1765273207.1704636,0.0,0.0,0.0,0.0,38.82,33.33,IDLE
0,1765273207.670614,0.0,0.0,0.0,0.0,38.82,33.33,IDLE
0,1765273208.1853104,0.0,0.0,0.0,0.0,38.82,33.33,IDLE
0,1765273208.6885946,0.0,0.0,0.0,0.0,38.82,33.33,IDLE
0,1765273209.1976173,0.0,0.0,0.0,0.0,38.82,33.33,IDLE
0,1765273209.7086473,0.0,0.0,0.0,0.0,38.82,33.33,IDLE
0,1765273210.220591,0.0,0.0,0.0,0.0,38.82,33.33,IDLE
0,1765273210.725288,0.0,0.0,0.0,0.0,38.82,33.33,IDLE
0,1765273211.2319634,0.0,0.0,0.0,0.0,38.82,33.33,IDLE
0,1765273211.7344208,0.0,0.0,0.0,0.0,38.82,33.33,IDLE
0,1765273212.240406,0.0,0.0,0.0,0.0,38.82,33.33,IDLE
0,1765273212.741744,0.0,0.0,0.0,0.0,38.82,33.33,IDLE
0,1765273213.2450125,0.0,0.0,0.0,0.0,38.82,33.33,IDLE
0,1765273213.756019,0.0,0.0,0.0,0.0,38.82,33.33,IDLE
0,1765273214.2621272,0.0,0.0,0.0,0.0,38.82,33.33,IDLE
0,1765273214.7749906,0.0,0.0,0.0,0.0,38.82,33.33,IDLE
0,1765273215.288702,0.0,0.0,0.0,0.0,38.82,33.33,IDLE
0,1765273215.8033037,0.0,0.0,0.0,0.0,38.82,33.33,IDLE
0,1765273216.3149247,0.0,0.0,0.0,0.0,38.82,33.33,IDLE
0,1765273216.8157609,0.0,0.0,0.0,0.0,38.82,33.33,IDLE
0,1765273217.3268726,0.0,0.0,0.0,0.0,38.82,33.33,IDLE
0,1765273217.8405886,0.0,0.0,0.0,0.0,38.82,33.33,IDLE
0,1765273218.3419013,0.0,0.0,0.0,0.0,38.82,33.33,IDLE
0,1765273218.8536506,0.0,0.0,0.0,0.0,38.82,33.33,IDLE
0,1765273219.3674958,0.0,0.0,0.0,0.0,38.82,33.33,IDLE
0,1765273219.880115,0.0,0.0,0.0,0.0,38.82,33.33,IDLE
0,1765273220.3861032,0.0,0.0,0.0,0.0,38.82,33.33,IDLE
0,1765273220.889087,0.0,0.0,0.0,0.0,38.82,33.33,IDLE
0,1765273221.3993857,0.0,0.0,0.0,0.0,38.82,33.33,IDLE
0,1765273221.9011254,0.0,0.0,0.0,0.0,38.82,33.33,IDLE
0,1765273222.4120054,0.0,0.0,0.0,0.0,38.82,33.33,IDLE
0,1765273222.930812,0.0,0.0,0.0,0.0,38.82,33.33,IDLE
0,1765273223.4494178,0.0,0.0,0.0,0.0,38.82,33.33,IDLE
0,1765273223.9501214,0.0,0.0,0.0,0.0,38.82,33.33,IDLE
0,1765273224.4623034,0.0,0.0,0.0,0.0,38.82,33.33,IDLE
0,1765273224.9779663,0.0,0.0,0.0,0.0,38.82,33.33,IDLE
0,1765273225.4921744,0.0,0.0,0.0,0.0,38.82,33.33,IDLE
0,1765273225.9943583,0.0,0.0,0.0,0.0,38.82,33.33,IDLE
0,1765273226.5097313,0.0,0.0,0.0,0.0,38.82,33.33,IDLE
0,1765273227.0240595,0.0,0.0,0.0,0.0,38.82,33.33,IDLE
0,1765273227.5393455,0.0,0.0,0.0,0.0,38.82,33.33,IDLE
0,1765273228.0520916,0.0,0.0,0.0,0.0,38.82,33.33,IDLE
0,1765273228.5663102,0.0,0.0,0.0,0.0,38.82,33.33,IDLE
0,1765273229.0765858,0.0,0.0,0.0,0.0,38.82,33.33,IDLE
0,1765273229.5776155,0.0,0.0,0.0,0.0,38.82,33.33,IDLE
0,1765273230.090024,0.0,0.0,0.0,0.0,38.82,33.33,IDLE
0,1765273230.598721,0.0,0.0,0.0,0.0,38.82,33.33,IDLE
0,1765273231.1107523,0.0,0.0,0.0,0.0,38.82,33.33,IDLE
0,1765273231.6224387,0.0,0.0,0.0,0.0,38.82,33.33,IDLE
0,1765273232.1351018,0.0,0.0,0.0,0.0,38.82,33.33,IDLE
0,1765273232.642808,0.0,0.0,0.0,0.0,38.82,33.33,IDLE
0,1765273233.1571038,0.0,0.0,0.0,0.0,38.82,33.33,IDLE
0,1765273233.670593,0.0,0.0,0.0,0.0,38.82,33.33,IDLE
0,1765273234.1860425,0.0,0.0,0.0,0.0,38.82,33.33,IDLE
0,1765273234.6994905,0.0,0.0,0.0,0.0,38.82,33.33,IDLE
0,1765273235.208571,0.0,0.0,0.0,0.0,38.82,33.33,IDLE
0,1765273235.7194662,0.0,0.0,0.0,0.0,38.82,33.33,IDLE
0,1765273236.2329688,0.0,0.0,0.0,0.0,38.82,33.33,IDLE
0,1765273236.7455995,0.0,0.0,0.0,0.0,38.82,33.33,IDLE
0,1765273237.2561588,0.0,0.0,0.0,0.0,38.82,33.33,IDLE
0,1765273237.7682092,0.0,0.0,0.0,0.0,38.82,33.33,IDLE
0,1765273238.2831702,0.0,0.0,0.0,0.0,38.82,33.33,IDLE
0,1765273238.796024,0.0,0.0,0.0,0.0,38.82,33.33,IDLE
0,1765273239.2992013,0.0,0.0,0.0,0.0,38.82,33.33,IDLE
0,1765273239.8147228,0.0,0.0,0.0,0.0,38.82,33.33,IDLE
0,1765273240.3298306,0.0,0.0,0.0,0.0,38.82,33.33,IDLE
0,1765273240.8394234,0.0,0.0,0.0,0.0,38.82,33.33,IDLE
0,1765273241.351567,0.0,0.0,0.0,0.0,38.82,33.33,IDLE
0,1765273241.85186,0.0,0.0,0.0,0.0,38.82,33.33,IDLE
0,1765273242.3535552,0.0,0.0,0.0,0.0,38.82,33.33,IDLE
0,1765273242.8562887,0.0,0.0,0.0,0.0,38.82,33.33,IDLE
0,1765273243.3563073,0.0,0.0,0.0,0.0,38.82,33.33,IDLE
0,1765273243.8600605,0.0,0.0,0.0,0.0,38.82,33.33,IDLE
0,1765273244.3714204,0.0,0.0,0.0,0.0,38.82,33.33,IDLE
0,1765273244.8848877,0.0,0.0,0.0,0.0,38.82,33.33,IDLE
0,1765273245.3974016,0.0,0.0,0.0,0.0,38.82,33.33,IDLE
0,1765273245.909941,0.0,0.0,0.0,0.0,38.82,33.33,IDLE
0,1765273246.4120085,0.0,0.0,0.0,0.0,38.82,33.33,IDLE
0,1765273246.9120522,0.0,0.0,0.0,0.0,38.82,33.33,IDLE
0,1765273247.4267254,0.0,0.0,0.0,0.0,38.82,33.33,IDLE
0,1765273247.940595,0.0,0.0,0.0,0.0,38.82,33.33,IDLE
0,1765273248.44683,0.0,0.0,0.0,0.0,38.82,33.33,IDLE
0,1765273248.9503877,0.0,0.0,0.0,0.0,38.82,33.33,IDLE
0,1765273249.459649,0.0,0.0,0.0,0.0,38.82,33.33,IDLE
0,1765273249.963661,0.0,0.0,0.0,0.0,38.82,33.33,IDLE
0,1765273250.4786086,0.0,0.0,0.0,0.0,38.82,33.33,IDLE
0,1765273250.9916654,0.0,0.0,0.0,0.0,38.82,33.33,IDLE
0,1765273251.5032847,0.0,0.0,0.0,0.0,38.82,33.33,IDLE
0,1765273252.0149755,0.0,0.0,0.0,0.0,38.82,33.33,IDLE
0,1765273252.5289388,0.0,0.0,0.0,0.0,38.82,33.33,IDLE
0,1765273253.0427027,0.0,0.0,0.0,0.0,38.82,33.33,IDLE
0,1765273253.5443077,0.0,0.0,0.0,0.0,38.82,33.33,IDLE
0,1765273254.0443401,0.0,0.0,0.0,0.0,38.82,33.33,IDLE
0,1765273254.5523872,0.0,0.0,0.0,0.0,38.82,33.33,IDLE
0,1765273255.0682108,0.0,0.0,0.0,0.0,38.82,33.33,IDLE
0,1765273255.5842698,0.0,0.0,0.0,0.0,38.82,33.33,IDLE
0,1765273256.0898345,0.0,0.0,0.0,0.0,38.82,33.33,IDLE
0,1765273256.6033735,0.0,0.0,0.0,0.0,38.82,33.33,IDLE
0,1765273257.1064093,0.0,0.0,0.0,0.0,38.82,33.33,IDLE
0,1765273257.6283329,0.0,0.0,0.0,0.0,38.82,33.33,IDLE
0,1765273258.1331704,0.0,0.0,0.0,0.0,38.82,33.33,IDLE
0,1765273258.64078,0.0,0.0,0.0,0.0,38.82,33.33,IDLE
0,1765273259.1481776,0.0,0.0,0.0,0.0,38.82,33.33,IDLE
0,1765273259.6620083,0.0,0.0,0.0,0.0,38.82,33.33,IDLE
0,1765273260.1797707,0.0,0.0,0.0,0.0,38.82,33.33,IDLE
0,1765273260.6830997,0.0,0.0,0.0,0.0,38.82,33.33,IDLE
0,1765273261.1982954,0.0,0.0,0.0,0.0,38.82,33.33,IDLE
0,1765273261.7123506,0.0,0.0,0.0,0.0,38.82,33.33,IDLE
0,1765273262.2243018,0.0,0.0,0.0,0.0,38.82,33.33,IDLE
0,1765273262.7379026,0.0,0.0,0.0,0.0,38.82,33.33,IDLE
0,1765273263.2519271,0.0,0.0,0.0,0.0,38.82,33.33,IDLE
0,1765273263.764991,0.0,0.0,0.0,0.0,38.82,33.33,IDLE
0,1765273264.265406,0.0,0.0,0.0,0.0,38.82,33.33,IDLE
0,1765273264.777702,0.0,0.0,0.0,0.0,38.82,33.33,IDLE
0,1765273265.28896,0.0,0.0,0.0,0.0,38.82,33.33,IDLE
0,1765273265.7900693,0.0,0.0,0.0,0.0,38.82,33.33,IDLE
0,1765273266.2975054,0.0,0.0,0.0,0.0,38.82,33.33,IDLE
0,1765273266.8017504,0.0,0.0,0.0,0.0,38.82,33.33,IDLE
0,1765273267.3097582,0.0,0.0,0.0,0.0,38.82,33.33,IDLE
0,1765273267.814255,0.0,0.0,0.0,0.0,38.82,33.33,IDLE
0,1765273268.3473556,0.0,0.0,0.0,0.0,38.82,33.33,IDLE
0,1765273268.85951,0.0,0.0,0.0,0.0,38.82,33.33,IDLE
0,1765273269.3696926,0.0,0.0,0.0,0.0,38.82,33.33,IDLE
0,1765273269.8821394,0.0,0.0,0.0,0.0,38.82,33.33,IDLE
0,1765273270.3904712,0.0,0.0,0.0,0.0,38.82,33.33,IDLE
0,1765273270.9013705,0.0,0.0,0.0,0.0,38.82,33.33,IDLE
0,1765273271.405467,0.0,0.0,0.0,0.0,38.82,33.33,IDLE
0,1765273271.9134283,0.0,0.0,0.0,0.0,38.82,33.33,IDLE
0,1765273272.426652,0.0,0.0,0.0,0.0,38.82,33.33,IDLE
0,1765273272.942206,0.0,0.0,0.0,0.0,38.82,33.33,IDLE
0,1765273273.4614313,0.0,0.0,0.0,0.0,38.82,33.33,IDLE
0,1765273273.9723444,0.0,0.0,0.0,0.0,38.82,33.33,IDLE
0,1765273274.4851062,0.0,0.0,0.0,0.0,38.82,33.33,IDLE
0,1765273274.987422,0.0,0.0,0.0,0.0,38.82,33.33,IDLE
0,1765273275.501596,0.0,0.0,0.0,0.0,38.82,33.33,IDLE
0,1765273276.0150354,0.0,0.0,0.0,0.0,38.82,33.33,IDLE
0,1765273276.5304062,0.0,0.0,0.0,0.0,38.82,33.33,IDLE
0,1765273277.0347867,0.0,0.0,0.0,0.0,38.82,33.33,IDLE
0,1765273277.543952,0.0,0.0,0.0,0.0,38.82,33.33,IDLE
0,1765273278.0469801,0.0,0.0,0.0,0.0,38.82,33.33,IDLE
0,1765273278.5492916,0.0,0.0,0.0,0.0,38.82,33.33,IDLE
0,1765273279.0597272,0.0,0.0,0.0,0.0,38.82,33.33,IDLE
0,1765273279.5708,0.0,0.0,0.0,0.0,38.82,33.33,IDLE
0,1765273280.084963,0.0,0.0,0.0,0.0,38.82,33.33,IDLE
0,1765273280.5862057,0.0,0.0,0.0,0.0,38.82,33.33,IDLE
0,1765273281.088102,0.0,0.0,0.0,0.0,38.82,33.33,IDLE
0,1765273281.60339,0.0,0.0,0.0,0.0,38.82,33.33,IDLE
0,1765273282.1156135,0.0,0.0,0.0,0.0,38.82,33.33,IDLE
0,1765273282.623156,0.0,0.0,0.0,0.0,38.82,33.33,IDLE
0,1765273283.131595,0.0,0.0,0.0,0.0,38.82,33.33,IDLE
0,1765273283.634616,0.0,0.0,0.0,0.0,38.82,33.33,IDLE
0,1765273284.1421163,0.0,0.0,0.0,0.0,38.82,33.33,IDLE
0,1765273284.6548982,0.0,0.0,0.0,0.0,38.82,33.33,IDLE
0,1765273285.1689844,0.0,0.0,0.0,0.0,38.82,33.33,IDLE
0,1765273285.6696334,0.0,0.0,0.0,0.0,38.82,33.33,IDLE
0,1765273286.1827197,0.0,0.0,0.0,0.0,38.82,33.33,IDLE
0,1765273286.689205,0.0,0.0,0.0,0.0,38.82,33.33,IDLE
0,1765273287.192333,0.0,0.0,0.0,0.0,38.82,33.33,IDLE
0,1765273287.6941383,0.0,0.0,0.0,0.0,38.82,33.33,IDLE
0,1765273288.2015615,0.0,0.0,0.0,0.0,38.82,33.33,IDLE
0,1765273288.7157931,0.0,0.0,0.0,0.0,38.82,33.33,IDLE
0,1765273289.2301211,0.0,0.0,0.0,0.0,38.82,33.33,IDLE
0,1765273289.731695,0.0,0.0,0.0,0.0,38.82,33.33,IDLE
0,1765273290.2458217,0.0,0.0,0.0,0.0,38.82,33.33,IDLE
0,1765273290.7608402,0.0,0.0,0.0,0.0,38.82,33.33,IDLE
0,1765273291.2748756,0.0,0.0,0.0,0.0,38.82,33.33,IDLE
0,1765273291.7897491,0.0,0.0,0.0,0.0,38.82,33.33,IDLE
0,1765273292.2920027,0.0,0.0,0.0,0.0,38.82,33.33,IDLE
0,1765273292.805669,0.0,0.0,0.0,0.0,38.82,33.33,IDLE
0,1765273293.3183918,0.0,0.0,0.0,0.0,38.82,33.33,IDLE
0,1765273293.822617,0.0,0.0,0.0,0.0,38.82,33.33,IDLE
0,1765273294.3260932,0.0,0.0,0.0,0.0,38.82,33.33,IDLE
0,1765273294.828597,0.0,0.0,0.0,0.0,38.82,33.33,IDLE
0,1765273295.3421133,0.0,0.0,0.0,0.0,38.82,33.33,IDLE
0,1765273295.8467999,0.0,0.0,0.0,0.0,38.82,33.33,IDLE
0,1765273296.349723,0.0,0.0,0.0,0.0,38.82,33.33,IDLE
0,1765273296.864822,0.0,0.0,0.0,0.0,38.82,33.33,IDLE
0,1765273297.378165,0.0,0.0,0.0,0.0,38.82,33.33,IDLE
0,1765273297.8901927,0.0,0.0,0.0,0.0,38.82,33.33,IDLE
0,1765273298.4052527,0.0,0.0,0.0,0.0,38.82,33.33,IDLE
0,1765273298.9205632,0.0,0.0,0.0,0.0,38.82,33.33,IDLE
0,1765273299.420636,0.0,0.0,0.0,0.0,38.82,33.33,IDLE
0,1765273299.9348094,0.0,0.0,0.0,0.0,38.82,33.33,IDLE
0,1765273300.4470634,0.0,0.0,0.0,0.0,38.82,33.33,IDLE
0,1765273300.955858,0.0,0.0,0.0,0.0,38.82,33.33,IDLE
0,1765273301.4665525,0.0,0.0,0.0,0.0,38.82,33.33,IDLE
0,1765273301.9743993,0.0,0.0,0.0,0.0,38.82,33.33,IDLE
0,1765273302.486023,0.0,0.0,0.0,0.0,38.82,33.33,IDLE
0,1765273303.0018086,0.0,0.0,0.0,0.0,38.82,33.33,IDLE
0,1765273303.5147748,0.0,0.0,0.0,0.0,38.82,33.33,IDLE
0,1765273304.0281267,0.0,0.0,0.0,0.0,38.82,33.33,IDLE
0,1765273304.5441892,0.0,0.0,0.0,0.0,38.82,33.33,IDLE
0,1765273305.0475712,0.0,0.0,0.0,0.0,38.82,33.33,IDLE
0,1765273305.5579197,0.0,0.0,0.0,0.0,38.82,33.33,IDLE
0,1765273306.0698373,0.0,0.0,0.0,0.0,38.82,33.33,IDLE
0,1765273306.5786593,0.0,0.0,0.0,0.0,38.82,33.33,IDLE
0,1765273307.079141,0.0,0.0,0.0,0.0,38.82,33.33,IDLE
0,1765273307.593332,0.0,0.0,0.0,0.0,38.82,33.33,IDLE
0,1765273308.1056786,0.0,0.0,0.0,0.0,38.82,33.33,IDLE
0,1765273308.6209242,0.0,0.0,0.0,0.0,38.82,33.33,IDLE
0,1765273309.1215432,0.0,0.0,0.0,0.0,38.82,33.33,IDLE
0,1765273309.6349516,0.0,0.0,0.0,0.0,38.82,33.33,IDLE
0,1765273310.136153,0.0,0.0,0.0,0.0,38.82,33.33,IDLE
0,1765273310.6491916,0.0,0.0,0.0,0.0,38.82,33.33,IDLE
0,1765273311.150205,0.0,0.0,0.0,0.0,38.82,33.33,IDLE
0,1765273311.6634264,0.0,0.0,0.0,0.0,38.82,33.33,IDLE
0,1765273312.1766975,0.0,0.0,0.0,0.0,38.82,33.33,IDLE
0,1765273312.6892855,0.0,0.0,0.0,0.0,38.82,33.33,IDLE
0,1765273313.2032173,0.0,0.0,0.0,0.0,38.82,33.33,IDLE
0,1765273313.7174788,0.0,0.0,0.0,0.0,38.82,33.33,IDLE
0,1765273314.22953,0.0,0.0,0.0,0.0,38.82,33.33,IDLE
0,1765273314.7418473,0.0,0.0,0.0,0.0,38.82,33.33,IDLE
0,1765273315.2532442,0.0,0.0,0.0,0.0,38.82,33.33,IDLE
0,1765273315.765381,0.0,0.0,0.0,0.0,38.82,33.33,IDLE
0,1765273316.2815785,0.0,0.0,0.0,0.0,38.82,33.33,IDLE
0,1765273316.7961013,0.0,0.0,0.0,0.0,38.82,33.33,IDLE
0,1765273317.3096204,0.0,0.0,0.0,0.0,38.82,33.33,IDLE
0,1765273317.8191442,0.0,0.0,0.0,0.0,38.82,33.33,IDLE
0,1765273318.334521,0.0,0.0,0.0,0.0,38.82,33.33,IDLE
0,1765273318.848454,0.0,0.0,0.0,0.0,38.82,33.33,IDLE
0,1765273319.361998,0.0,0.0,0.0,0.0,38.82,33.33,IDLE
0,1765273319.8779466,0.0,0.0,0.0,0.0,38.82,33.33,IDLE
0,1765273320.391835,0.0,0.0,0.0,0.0,38.82,33.33,IDLE
0,1765273320.9048648,0.0,0.0,0.0,0.0,38.82,33.33,IDLE
0,1765273321.4157357,0.0,0.0,0.0,0.0,38.82,33.33,IDLE
0,1765273321.9263034,0.0,0.0,0.0,0.0,38.82,33.33,IDLE
0,1765273322.4404333,0.0,0.0,0.0,0.0,38.82,33.33,IDLE
0,1765273322.951707,0.0,0.0,0.0,0.0,38.82,33.33,IDLE
0,1765273323.4640315,0.0,0.0,0.0,0.0,38.82,33.33,IDLE
0,1765273323.9789157,0.0,0.0,0.0,0.0,38.82,33.33,IDLE
0,1765273324.492939,0.0,0.0,0.0,0.0,38.82,33.33,IDLE
0,1765273324.9946332,0.0,0.0,0.0,0.0,38.82,33.33,IDLE
0,1765273325.5095127,0.0,0.0,0.0,0.0,38.82,33.33,IDLE
0,1765273326.0225425,0.0,0.0,0.0,0.0,38.82,33.33,IDLE
0,1765273326.5375519,0.0,0.0,0.0,0.0,38.82,33.33,IDLE
0,1765273327.0532398,0.0,0.0,0.0,0.0,38.82,33.33,IDLE
0,1765273327.5629911,0.0,0.0,0.0,0.0,38.82,33.33,IDLE
0,1765273328.0647101,0.0,0.0,0.0,0.0,38.82,33.33,IDLE
0,1765273328.578044,0.0,0.0,0.0,0.0,38.82,33.33,IDLE
0,1765273329.0802345,0.0,0.0,0.0,0.0,38.82,33.33,IDLE
0,1765273329.5949686,0.0,0.0,0.0,0.0,38.82,33.33,IDLE
0,1765273330.1095946,0.0,0.0,0.0,0.0,38.82,33.33,IDLE
0,1765273330.6208503,0.0,0.0,0.0,0.0,38.82,33.33,IDLE
0,1765273331.122478,0.0,0.0,0.0,0.0,38.82,33.33,IDLE
0,1765273331.6363297,0.0,0.0,0.0,0.0,38.82,33.33,IDLE
0,1765273332.1493516,0.0,0.0,0.0,0.0,38.82,33.33,IDLE
0,1765273332.6573558,0.0,0.0,0.0,0.0,38.82,33.33,IDLE
0,1765273333.1717956,0.0,0.0,0.0,0.0,38.82,33.33,IDLE
0,1765273333.671837,0.0,0.0,0.0,0.0,38.82,33.33,IDLE
0,1765273334.1812546,0.0,0.0,0.0,0.0,38.82,33.33,IDLE
0,1765273334.6951027,0.0,0.0,0.0,0.0,38.82,33.33,IDLE
0,1765273335.207926,0.0,0.0,0.0,0.0,38.82,33.33,IDLE
0,1765273335.7100704,0.0,0.0,0.0,0.0,38.82,33.33,IDLE
0,1765273336.222559,0.0,0.0,0.0,0.0,38.82,33.33,IDLE
0,1765273336.7341456,0.0,0.0,0.0,0.0,38.82,33.33,IDLE
0,1765273337.2459795,0.0,0.0,0.0,0.0,38.82,33.33,IDLE
0,1765273337.746,0.0,0.0,0.0,0.0,38.82,33.33,IDLE
0,1765273338.2606587,0.0,0.0,0.0,0.0,38.82,33.33,IDLE
0,1765273338.7753394,0.0,0.0,0.0,0.0,38.82,33.33,IDLE
0,1765273339.2765293,0.0,0.0,0.0,0.0,38.82,33.33,IDLE
0,1765273339.7903993,0.0,0.0,0.0,0.0,38.82,33.33,IDLE
0,1765273340.303325,0.0,0.0,0.0,0.0,38.82,33.33,IDLE
0,1765273340.8196757,0.0,0.0,0.0,0.0,38.82,33.33,IDLE
0,1765273341.3314643,0.0,0.0,0.0,0.0,38.82,33.33,IDLE
0,1765273341.8431168,0.0,0.0,0.0,0.0,38.82,33.33,IDLE
0,1765273342.3585706,0.0,0.0,0.0,0.0,38.82,33.33,IDLE
0,1765273342.8622823,0.0,0.0,0.0,0.0,38.82,33.33,IDLE
0,1765273343.3776472,0.0,0.0,0.0,0.0,38.82,33.33,IDLE
0,1765273343.8907683,0.0,0.0,0.0,0.0,38.82,33.33,IDLE
0,1765273344.4032722,0.0,0.0,0.0,0.0,38.82,33.33,IDLE
0,1765273344.9173934,0.0,0.0,0.0,0.0,38.82,33.33,IDLE
0,1765273345.430027,0.0,0.0,0.0,0.0,38.82,33.33,IDLE
0,1765273345.944679,0.0,0.0,0.0,0.0,38.82,33.33,IDLE
0,1765273346.458912,0.0,0.0,0.0,0.0,38.82,33.33,IDLE
0,1765273346.9703784,0.0,0.0,0.0,0.0,38.82,33.33,IDLE
0,1765273347.4797773,0.0,0.0,0.0,0.0,38.82,33.33,IDLE
0,1765273347.9919486,0.0,0.0,0.0,0.0,38.82,33.33,IDLE
0,1765273348.5062985,0.0,0.0,0.0,0.0,38.82,33.33,IDLE
0,1765273349.0158572,0.0,0.0,0.0,0.0,38.82,33.33,IDLE
0,1765273349.530526,0.0,0.0,0.0,0.0,38.82,33.33,IDLE
0,1765273350.0450175,0.0,0.0,0.0,0.0,38.82,33.33,IDLE
0,1765273350.5462427,0.0,0.0,0.0,0.0,38.82,33.33,IDLE
0,1765273351.0585246,0.0,0.0,0.0,0.0,38.82,33.33,IDLE
0,1765273351.559826,0.0,0.0,0.0,0.0,38.82,33.33,IDLE
0,1765273352.074188,0.0,0.0,0.0,0.0,38.82,33.33,IDLE
0,1765273352.5877483,0.0,0.0,0.0,0.0,38.82,33.33,IDLE
0,1765273353.099437,0.0,0.0,0.0,0.0,38.82,33.33,IDLE
0,1765273353.6122289,0.0,0.0,0.0,0.0,38.82,33.33,IDLE
0,1765273354.126691,0.0,0.0,0.0,0.0,38.82,33.33,IDLE
0,1765273354.6278036,0.0,0.0,0.0,0.0,38.82,33.33,IDLE
0,1765273355.143113,0.0,0.0,0.0,0.0,38.82,33.33,IDLE
0,1765273355.6561995,0.0,0.0,0.0,0.0,38.82,33.33,IDLE
0,1765273356.1704814,0.0,0.0,0.0,0.0,38.82,33.33,IDLE
0,1765273356.6723557,0.0,0.0,0.0,0.0,38.82,33.33,IDLE
0,1765273357.1837604,0.0,0.0,0.0,0.0,38.82,33.33,IDLE
0,1765273357.6955752,0.0,0.0,0.0,0.0,38.82,33.33,IDLE
0,1765273358.2097385,0.0,0.0,0.0,0.0,38.82,33.33,IDLE
0,1765273358.7121153,0.0,0.0,0.0,0.0,38.82,33.33,IDLE
0,1765273359.2279096,0.0,0.0,0.0,0.0,38.82,33.33,IDLE
0,1765273359.7402613,0.0,0.0,0.0,0.0,38.82,33.33,IDLE
0,1765273360.253289,0.0,0.0,0.0,0.0,38.82,33.33,IDLE
0,1765273360.7647455,0.0,0.0,0.0,0.0,38.82,33.33,IDLE
0,1765273361.2801354,0.0,0.0,0.0,0.0,38.82,33.33,IDLE
0,1765273361.795746,0.0,0.0,0.0,0.0,38.82,33.33,IDLE
0,1765273362.2972875,0.0,0.0,0.0,0.0,38.82,33.33,IDLE
0,1765273362.7992399,0.0,0.0,0.0,0.0,38.82,33.33,IDLE
0,1765273363.312323,0.0,0.0,0.0,0.0,38.82,33.33,IDLE
0,1765273363.8132777,0.0,0.0,0.0,0.0,38.82,33.33,IDLE
0,1765273364.3253603,0.0,0.0,0.0,0.0,38.82,33.33,IDLE
0,1765273364.839589,0.0,0.0,0.0,0.0,38.82,33.33,IDLE
0,1765273365.3532338,0.0,0.0,0.0,0.0,38.82,33.33,IDLE
0,1765273365.8681521,0.0,0.0,0.0,0.0,38.82,33.33,IDLE
0,1765273366.3817608,0.0,0.0,0.0,0.0,38.82,33.33,IDLE
0,1765273366.8961,0.0,0.0,0.0,0.0,38.82,33.33,IDLE
0,1765273367.4075074,0.0,0.0,0.0,0.0,38.82,33.33,IDLE
0,1765273367.9214735,0.0,0.0,0.0,0.0,38.82,33.33,IDLE
0,1765273368.4361703,0.0,0.0,0.0,0.0,38.82,33.33,IDLE
0,1765273368.936895,0.0,0.0,0.0,0.0,38.82,33.33,IDLE
0,1765273369.4517343,0.0,0.0,0.0,0.0,38.82,33.33,IDLE
0,1765273369.963225,0.0,0.0,0.0,0.0,38.82,33.33,IDLE
0,1765273370.4634385,0.0,0.0,0.0,0.0,38.82,33.33,IDLE
0,1765273370.9727876,0.0,0.0,0.0,0.0,38.82,33.33,IDLE
0,1765273371.4860435,0.0,0.0,0.0,0.0,38.82,33.33,IDLE
0,1765273371.9990835,0.0,0.0,0.0,0.0,38.82,33.33,IDLE
0,1765273372.501479,0.0,0.0,0.0,0.0,38.82,33.33,IDLE
0,1765273373.010562,0.0,0.0,0.0,0.0,38.82,33.33,IDLE
0,1765273373.516611,0.0,0.0,0.0,0.0,38.82,33.33,IDLE
0,1765273374.0227215,0.0,0.0,0.0,0.0,38.82,33.33,IDLE
0,1765273374.5311687,0.0,0.0,0.0,0.0,38.82,33.33,IDLE
0,1765273375.0331163,0.0,0.0,0.0,0.0,38.82,33.33,IDLE
0,1765273375.5384376,0.0,0.0,0.0,0.0,38.82,33.33,IDLE
0,1765273376.0469806,0.0,0.0,0.0,0.0,38.82,33.33,IDLE
0,1765273376.5563288,0.0,0.0,0.0,0.0,38.82,33.33,IDLE
0,1765273377.056495,0.0,0.0,0.0,0.0,38.82,33.33,IDLE
0,1765273377.5704603,0.0,0.0,0.0,0.0,38.82,33.33,IDLE
0,1765273378.083784,0.0,0.0,0.0,0.0,38.82,33.33,IDLE
0,1765273378.5843532,0.0,0.0,0.0,0.0,38.82,33.33,IDLE
0,1765273379.0975296,0.0,0.0,0.0,0.0,38.82,33.33,IDLE
0,1765273379.5992863,0.0,0.0,0.0,0.0,38.82,33.33,IDLE
0,1765273380.1056569,0.0,0.0,0.0,0.0,38.82,33.33,IDLE
0,1765273380.6106086,0.0,0.0,0.0,0.0,38.82,33.33,IDLE
0,1765273381.125215,0.0,0.0,0.0,0.0,38.82,33.33,IDLE
0,1765273381.6263986,0.0,0.0,0.0,0.0,38.82,33.33,IDLE
0,1765273382.1419199,0.0,0.0,0.0,0.0,38.82,33.33,IDLE
0,1765273382.6529663,0.0,0.0,0.0,0.0,38.82,33.33,IDLE
0,1765273383.1560378,0.0,0.0,0.0,0.0,38.82,33.33,IDLE
0,1765273383.6680074,0.0,0.0,0.0,0.0,38.82,33.33,IDLE
0,1765273384.172472,0.0,0.0,0.0,0.0,38.82,33.33,IDLE
0,1765273384.6764987,0.0,0.0,0.0,0.0,38.82,33.33,IDLE
0,1765273385.1767678,0.0,0.0,0.0,0.0,38.82,33.33,IDLE
0,1765273385.6799786,0.0,0.0,0.0,0.0,38.82,33.33,IDLE
0,1765273386.194687,0.0,0.0,0.0,0.0,38.82,33.33,IDLE
0,1765273386.7031941,0.0,0.0,0.0,0.0,38.82,33.33,IDLE
0,1765273387.2174728,0.0,0.0,0.0,0.0,38.82,33.33,IDLE
0,1765273387.7302823,0.0,0.0,0.0,0.0,38.82,33.33,IDLE
0,1765273388.244627,0.0,0.0,0.0,0.0,38.82,33.33,IDLE
0,1765273388.7562149,0.0,0.0,0.0,0.0,38.82,33.33,IDLE
0,1765273389.2683628,0.0,0.0,0.0,0.0,38.82,33.33,IDLE
0,1765273389.7767503,0.0,0.0,0.0,0.0,38.82,33.33,IDLE
0,1765273390.282335,0.0,0.0,0.0,0.0,38.82,33.33,IDLE
0,1765273390.793476,0.0,0.0,0.0,0.0,38.82,33.33,IDLE
0,1765273391.3015833,0.0,0.0,0.0,0.0,38.82,33.33,IDLE
0,1765273391.8017013,0.0,0.0,0.0,0.0,38.82,33.33,IDLE
0,1765273392.3146641,0.0,0.0,0.0,0.0,38.82,33.33,IDLE
0,1765273392.8276253,0.0,0.0,0.0,0.0,38.82,33.33,IDLE
0,1765273393.338562,0.0,0.0,0.0,0.0,38.82,33.33,IDLE
0,1765273393.8536153,0.0,0.0,0.0,0.0,38.82,33.33,IDLE
0,1765273394.3835874,0.0,0.0,0.0,0.0,38.82,33.33,IDLE
0,1765273394.8894331,0.0,0.0,0.0,0.0,38.82,33.33,IDLE
0,1765273395.389561,0.0,0.0,0.0,0.0,38.82,33.33,IDLE
0,1765273395.9035227,0.0,0.0,0.0,0.0,38.82,33.33,IDLE
0,1765273396.4204137,0.0,0.0,0.0,0.0,38.82,33.33,IDLE
0,1765273396.9301386,0.0,0.0,0.0,0.0,38.82,33.33,IDLE
0,1765273397.445695,0.0,0.0,0.0,0.0,38.82,33.33,IDLE
0,1765273397.960896,0.0,0.0,0.0,0.0,38.82,33.33,IDLE
0,1765273398.4622366,0.0,0.0,0.0,0.0,38.82,33.33,IDLE
0,1765273398.975243,0.0,0.0,0.0,0.0,38.82,33.33,IDLE
0,1765273399.4897892,0.0,0.0,0.0,0.0,38.82,33.33,IDLE
0,1765273400.003383,0.0,0.0,0.0,0.0,38.82,33.33,IDLE
0,1765273400.5077045,0.0,0.0,0.0,0.0,38.82,33.33,IDLE
0,1765273401.0171685,0.0,0.0,0.0,0.0,38.82,33.33,IDLE
0,1765273401.5198643,0.0,0.0,0.0,0.0,38.82,33.33,IDLE
0,1765273402.024071,0.0,0.0,0.0,0.0,38.82,33.33,IDLE
0,1765273402.5316265,0.0,0.0,0.0,0.0,38.82,33.33,IDLE
0,1765273403.045907,0.0,0.0,0.0,0.0,38.82,33.33,IDLE
0,1765273403.560565,0.0,0.0,0.0,0.0,38.82,33.33,IDLE
0,1765273404.0750053,0.0,0.0,0.0,0.0,38.82,33.33,IDLE
0,1765273404.5896237,0.0,0.0,0.0,0.0,38.82,33.33,IDLE
0,1765273405.1014564,0.0,0.0,0.0,0.0,38.82,33.33,IDLE
0,1765273405.615153,0.0,0.0,0.0,0.0,38.82,33.33,IDLE
0,1765273406.130001,0.0,0.0,0.0,0.0,38.82,33.33,IDLE
0,1765273406.6449947,0.0,0.0,0.0,0.0,38.82,33.33,IDLE
0,1765273407.1572773,0.0,0.0,0.0,0.0,38.82,33.33,IDLE
0,1765273407.6719646,0.0,0.0,0.0,0.0,38.82,33.33,IDLE
0,1765273408.182677,0.0,0.0,0.0,0.0,38.82,33.33,IDLE
0,1765273408.6848063,0.0,0.0,0.0,0.0,38.82,33.33,IDLE
0,1765273409.1955898,0.0,0.0,0.0,0.0,38.82,33.33,IDLE
0,1765273409.7209961,0.0,0.0,0.0,0.0,38.82,33.33,IDLE
0,1765273410.2301166,0.0,0.0,0.0,0.0,38.82,33.33,IDLE
0,1765273410.7326899,0.0,0.0,0.0,0.0,38.82,33.33,IDLE
0,1765273411.2428656,0.0,0.0,0.0,0.0,38.82,33.33,IDLE
0,1765273411.7440507,0.0,0.0,0.0,0.0,38.82,33.33,IDLE
0,1765273412.2495167,0.0,0.0,0.0,0.0,38.82,33.33,IDLE
0,1765273412.756224,0.0,0.0,0.0,0.0,38.82,33.33,IDLE
0,1765273413.2704775,0.0,0.0,0.0,0.0,38.82,33.33,IDLE
0,1765273413.7714813,0.0,0.0,0.0,0.0,38.82,33.33,IDLE
0,1765273414.2815733,0.0,0.0,0.0,0.0,38.82,33.33,IDLE
0,1765273414.7862856,0.0,0.0,0.0,0.0,38.82,33.33,IDLE
0,1765273415.3003798,0.0,0.0,0.0,0.0,38.82,33.33,IDLE
0,1765273415.8106802,0.0,0.0,0.0,0.0,38.82,33.33,IDLE
0,1765273416.325241,0.0,0.0,0.0,0.0,38.82,33.33,IDLE
0,1765273416.8253775,0.0,0.0,0.0,0.0,38.82,33.33,IDLE
0,1765273417.3276887,0.0,0.0,0.0,0.0,38.82,33.33,IDLE
0,1765273417.8419077,0.0,0.0,0.0,0.0,38.82,33.33,IDLE
0,1765273418.3458529,0.0,0.0,0.0,0.0,38.82,33.33,IDLE
0,1765273418.8471875,0.0,0.0,0.0,0.0,38.82,33.33,IDLE
0,1765273419.3625019,0.0,0.0,0.0,0.0,38.82,33.33,IDLE
0,1765273419.8784351,0.0,0.0,0.0,0.0,38.82,33.33,IDLE
0,1765273420.3946116,0.0,0.0,0.0,0.0,38.82,33.33,IDLE
0,1765273420.909723,0.0,0.0,0.0,0.0,38.82,33.33,IDLE
0,1765273421.420724,0.0,0.0,0.0,0.0,38.82,33.33,IDLE
0,1765273421.9331033,0.0,0.0,0.0,0.0,38.82,33.33,IDLE
0,1765273422.4449384,0.0,0.0,0.0,0.0,38.82,33.33,IDLE
0,1765273422.9588788,0.0,0.0,0.0,0.0,38.82,33.33,IDLE
0,1765273423.458915,0.0,0.0,0.0,0.0,38.82,33.33,IDLE
0,1765273423.968854,0.0,0.0,0.0,0.0,38.82,33.33,IDLE
0,1765273424.4703698,0.0,0.0,0.0,0.0,38.82,33.33,IDLE
0,1765273424.9861984,0.0,0.0,0.0,0.0,38.82,33.33,IDLE
0,1765273425.4895675,0.0,0.0,0.0,0.0,38.82,33.33,IDLE
0,1765273425.9973488,0.0,0.0,0.0,0.0,38.82,33.33,IDLE
0,1765273426.5016987,0.0,0.0,0.0,0.0,38.82,33.33,IDLE
0,1765273427.005435,0.0,0.0,0.0,0.0,38.82,33.33,IDLE
0,1765273427.5074456,0.0,0.0,0.0,0.0,38.82,33.33,IDLE
0,1765273428.0151918,0.0,0.0,0.0,0.0,38.82,33.33,IDLE
0,1765273428.5240278,0.0,0.0,0.0,0.0,38.82,33.33,IDLE
0,1765273429.036476,0.0,0.0,0.0,0.0,38.82,33.33,IDLE
0,1765273429.5378718,0.0,0.0,0.0,0.0,38.82,33.33,IDLE
0,1765273430.051965,0.0,0.0,0.0,0.0,38.82,33.33,IDLE
0,1765273430.5608606,0.0,0.0,0.0,0.0,38.82,33.33,IDLE
0,1765273431.0752776,0.0,0.0,0.0,0.0,38.82,33.33,IDLE
0,1765273431.5878732,0.0,0.0,0.0,0.0,38.82,33.33,IDLE
0,1765273432.0991857,0.0,0.0,0.0,0.0,38.82,33.33,IDLE
0,1765273432.6138842,0.0,0.0,0.0,0.0,38.82,33.33,IDLE
0,1765273433.125611,0.0,0.0,0.0,0.0,38.82,33.33,IDLE
0,1765273433.6395931,0.0,0.0,0.0,0.0,38.82,33.33,IDLE
0,1765273434.1408474,0.0,0.0,0.0,0.0,38.82,33.33,IDLE
0,1765273434.6491332,0.0,0.0,0.0,0.0,38.82,33.33,IDLE
0,1765273435.156175,0.0,0.0,0.0,0.0,38.82,33.33,IDLE
0,1765273435.6594403,0.0,0.0,0.0,0.0,38.82,33.33,IDLE
0,1765273436.161714,0.0,0.0,0.0,0.0,38.82,33.33,IDLE
0,1765273436.6623755,0.0,0.0,0.0,0.0,38.82,33.33,IDLE
0,1765273437.1781745,0.0,0.0,0.0,0.0,38.82,33.33,IDLE
0,1765273437.681161,0.0,0.0,0.0,0.0,38.82,33.33,IDLE
0,1765273438.191822,0.0,0.0,0.0,0.0,38.82,33.33,IDLE
0,1765273438.704082,0.0,0.0,0.0,0.0,38.82,33.33,IDLE
0,1765273439.2089167,0.0,0.0,0.0,0.0,38.82,33.33,IDLE
0,1765273439.7269137,0.0,0.0,0.0,0.0,38.82,33.33,IDLE
0,1765273440.228861,0.0,0.0,0.0,0.0,38.82,33.33,IDLE
0,1765273440.7315905,0.0,0.0,0.0,0.0,38.82,33.33,IDLE
0,1765273441.2419155,0.0,0.0,0.0,0.0,38.82,33.33,IDLE
0,1765273441.7565322,0.0,0.0,0.0,0.0,38.82,33.33,IDLE
0,1765273442.264928,0.0,0.0,0.0,0.0,38.82,33.33,IDLE
0,1765273442.7945983,0.0,0.0,0.0,0.0,38.82,33.33,IDLE
0,1765273443.3085408,0.0,0.0,0.0,0.0,38.82,33.33,IDLE
0,1765273443.823484,0.0,0.0,0.0,0.0,38.82,33.33,IDLE
0,1765273444.336295,0.0,0.0,0.0,0.0,38.82,33.33,IDLE
0,1765273444.8492143,0.0,0.0,0.0,0.0,38.82,33.33,IDLE
0,1765273445.3508599,0.0,0.0,0.0,0.0,38.82,33.33,IDLE
0,1765273445.864836,0.0,0.0,0.0,0.0,38.82,33.33,IDLE
0,1765273446.3694994,0.0,0.0,0.0,0.0,38.82,33.33,IDLE
0,1765273446.883789,0.0,0.0,0.0,0.0,38.82,33.33,IDLE
0,1765273447.4065814,0.0,0.0,0.0,0.0,38.82,33.33,IDLE
0,1765273447.907744,0.0,0.0,0.0,0.0,38.82,33.33,IDLE
0,1765273448.4150424,0.0,0.0,0.0,0.0,38.82,33.33,IDLE
0,1765273448.9264145,0.0,0.0,0.0,0.0,38.82,33.33,IDLE
0,1765273449.4298496,0.0,0.0,0.0,0.0,38.82,33.33,IDLE
0,1765273449.929864,0.0,0.0,0.0,0.0,38.82,33.33,IDLE
0,1765273450.4424555,0.0,0.0,0.0,0.0,38.82,33.33,IDLE
0,1765273450.944203,0.0,0.0,0.0,0.0,38.82,33.33,IDLE
0,1765273451.4443822,0.0,0.0,0.0,0.0,38.82,33.33,IDLE
0,1765273451.9560697,0.0,0.0,0.0,0.0,38.82,33.33,IDLE
0,1765273452.4704993,0.0,0.0,0.0,0.0,38.82,33.33,IDLE
0,1765273452.9846027,0.0,0.0,0.0,0.0,38.82,33.33,IDLE
0,1765273453.4983995,0.0,0.0,0.0,0.0,38.82,33.33,IDLE
0,1765273454.010658,0.0,0.0,0.0,0.0,38.82,33.33,IDLE
0,1765273454.524021,0.0,0.0,0.0,0.0,38.82,33.33,IDLE
0,1765273455.0290573,0.0,0.0,0.0,0.0,38.82,33.33,IDLE
0,1765273455.5396094,0.0,0.0,0.0,0.0,38.82,33.33,IDLE
0,1765273456.0417151,0.0,0.0,0.0,0.0,38.82,33.33,IDLE
0,1765273456.5539994,0.0,0.0,0.0,0.0,38.82,33.33,IDLE
0,1765273457.0671859,0.0,0.0,0.0,0.0,38.82,33.33,IDLE
0,1765273457.56744,0.0,0.0,0.0,0.0,38.82,33.33,IDLE
0,1765273458.0828772,0.0,0.0,0.0,0.0,38.82,33.33,IDLE
0,1765273458.5838497,0.0,0.0,0.0,0.0,38.82,33.33,IDLE
0,1765273459.093607,0.0,0.0,0.0,0.0,38.82,33.33,IDLE
0,1765273459.5936904,0.0,0.0,0.0,0.0,38.82,33.33,IDLE
0,1765273460.0948951,0.0,0.0,0.0,0.0,38.82,33.33,IDLE
0,1765273460.5972188,0.0,0.0,0.0,0.0,38.82,33.33,IDLE
0,1765273461.1017904,0.0,0.0,0.0,0.0,38.82,33.33,IDLE
0,1765273461.6134696,0.0,0.0,0.0,0.0,38.82,33.33,IDLE
0,1765273462.1138587,0.0,0.0,0.0,0.0,38.82,33.33,IDLE
0,1765273462.6205525,0.0,0.0,0.0,0.0,38.82,33.33,IDLE
0,1765273463.1327841,0.0,0.0,0.0,0.0,38.82,33.33,IDLE
0,1765273463.6332777,0.0,0.0,0.0,0.0,38.82,33.33,IDLE
0,1765273464.133279,0.0,0.0,0.0,0.0,38.82,33.33,IDLE
0,1765273464.6347167,0.0,0.0,0.0,0.0,38.82,33.33,IDLE
0,1765273465.1571443,0.0,0.0,0.0,0.0,38.82,33.33,IDLE
0,1765273465.6627934,0.0,0.0,0.0,0.0,38.82,33.33,IDLE
0,1765273466.175025,0.0,0.0,0.0,0.0,38.82,33.33,IDLE
0,1765273466.6777177,0.0,0.0,0.0,0.0,38.82,33.33,IDLE
0,1765273467.1894224,0.0,0.0,0.0,0.0,38.82,33.33,IDLE
0,1765273467.7034397,0.0,0.0,0.0,0.0,38.82,33.33,IDLE
0,1765273468.2155225,0.0,0.0,0.0,0.0,38.82,33.33,IDLE
0,1765273468.7301116,0.0,0.0,0.0,0.0,38.82,33.33,IDLE
0,1765273469.2445369,0.0,0.0,0.0,0.0,38.82,33.33,IDLE
0,1765273469.7548661,0.0,0.0,0.0,0.0,38.82,33.33,IDLE
0,1765273470.269341,0.0,0.0,0.0,0.0,38.82,33.33,IDLE
0,1765273470.779853,0.0,0.0,0.0,0.0,38.82,33.33,IDLE
0,1765273471.285558,0.0,0.0,0.0,0.0,38.82,33.33,IDLE
0,1765273471.7944155,0.0,0.0,0.0,0.0,38.82,33.33,IDLE
0,1765273472.3090985,0.0,0.0,0.0,0.0,38.82,33.33,IDLE
0,1765273472.812038,0.0,0.0,0.0,0.0,38.82,33.33,IDLE
0,1765273473.3134434,0.0,0.0,0.0,0.0,38.82,33.33,IDLE
0,1765273473.829798,0.0,0.0,0.0,0.0,38.82,33.33,IDLE
0,1765273474.3467758,0.0,0.0,0.0,0.0,38.82,33.33,IDLE
0,1765273474.8667128,0.0,0.0,0.0,0.0,38.82,33.33,IDLE
0,1765273475.3763673,0.0,0.0,0.0,0.0,38.82,33.33,IDLE
0,1765273475.890238,0.0,0.0,0.0,0.0,38.82,33.33,IDLE
0,1765273476.3972554,0.0,0.0,0.0,0.0,38.82,33.33,IDLE
0,1765273476.9078145,0.0,0.0,0.0,0.0,38.82,33.33,IDLE
0,1765273477.410818,0.0,0.0,0.0,0.0,38.82,33.33,IDLE
0,1765273477.9139013,0.0,0.0,0.0,0.0,38.82,33.33,IDLE
0,1765273478.4153986,0.0,0.0,0.0,0.0,38.82,33.33,IDLE
0,1765273478.9161766,0.0,0.0,0.0,0.0,38.82,33.33,IDLE
0,1765273479.4303417,0.0,0.0,0.0,0.0,38.82,33.33,IDLE
0,1765273479.9443989,0.0,0.0,0.0,0.0,38.82,33.33,IDLE
0,1765273480.4587874,0.0,0.0,0.0,0.0,38.82,33.33,IDLE
0,1765273480.9690137,0.0,0.0,0.0,0.0,38.82,33.33,IDLE
0,1765273481.4748635,0.0,0.0,0.0,0.0,38.82,33.33,IDLE
0,1765273481.9881608,0.0,0.0,0.0,0.0,38.82,33.33,IDLE
0,1765273482.4896107,0.0,0.0,0.0,0.0,38.82,33.33,IDLE
0,1765273483.0053809,0.0,0.0,0.0,0.0,38.82,33.33,IDLE
0,1765273483.5078523,0.0,0.0,0.0,0.0,38.82,33.33,IDLE
0,1765273484.0123475,0.0,0.0,0.0,0.0,38.82,33.33,IDLE
0,1765273484.5161715,0.0,0.0,0.0,0.0,38.82,33.33,IDLE
0,1765273485.0164068,0.0,0.0,0.0,0.0,38.82,33.33,IDLE
0,1765273485.5278914,0.0,0.0,0.0,0.0,38.82,33.33,IDLE
0,1765273486.0286403,0.0,0.0,0.0,0.0,38.82,33.33,IDLE
0,1765273486.541866,0.0,0.0,0.0,0.0,38.82,33.33,IDLE
0,1765273487.0436869,0.0,0.0,0.0,0.0,38.82,33.33,IDLE
0,1765273487.548375,0.0,0.0,0.0,0.0,38.82,33.33,IDLE
0,1765273488.0505939,0.0,0.0,0.0,0.0,38.82,33.33,IDLE
0,1765273488.5564406,0.0,0.0,0.0,0.0,38.82,33.33,IDLE
0,1765273489.0617824,0.0,0.0,0.0,0.0,38.82,33.33,IDLE
0,1765273489.5638692,0.0,0.0,0.0,0.0,38.82,33.33,IDLE
0,1765273490.0716095,0.0,0.0,0.0,0.0,38.82,33.33,IDLE
0,1765273490.5875187,0.0,0.0,0.0,0.0,38.82,33.33,IDLE
0,1765273491.102586,0.0,0.0,0.0,0.0,38.82,33.33,IDLE
0,1765273491.6173491,0.0,0.0,0.0,0.0,38.82,33.33,IDLE
0,1765273492.131304,0.0,0.0,0.0,0.0,38.82,33.33,IDLE
0,1765273492.6457496,0.0,0.0,0.0,0.0,38.82,33.33,IDLE
0,1765273493.1611362,0.0,0.0,0.0,0.0,38.82,33.33,IDLE
0,1765273493.6752338,0.0,0.0,0.0,0.0,38.82,33.33,IDLE
0,1765273494.1862352,0.0,0.0,0.0,0.0,38.82,33.33,IDLE
0,1765273494.6932852,0.0,0.0,0.0,0.0,38.82,33.33,IDLE
0,1765273495.1959012,0.0,0.0,0.0,0.0,38.82,33.33,IDLE
0,1765273495.7018669,0.0,0.0,0.0,0.0,38.82,33.33,IDLE
0,1765273496.2060764,0.0,0.0,0.0,0.0,38.82,33.33,IDLE
0,1765273496.7077963,0.0,0.0,0.0,0.0,38.82,33.33,IDLE
0,1765273497.2230332,0.0,0.0,0.0,0.0,38.82,33.33,IDLE
0,1765273497.7267742,0.0,0.0,0.0,0.0,38.82,33.33,IDLE
0,1765273498.2361746,0.0,0.0,0.0,0.0,38.82,33.33,IDLE
0,1765273498.7491832,0.0,0.0,0.0,0.0,38.82,33.33,IDLE
0,1765273499.2650952,0.0,0.0,0.0,0.0,38.82,33.33,IDLE
0,1765273499.7787886,0.0,0.0,0.0,0.0,38.82,33.33,IDLE
0,1765273500.2919762,0.0,0.0,0.0,0.0,38.82,33.33,IDLE
0,1765273500.7934074,0.0,0.0,0.0,0.0,38.82,33.33,IDLE
0,1765273501.3048916,0.0,0.0,0.0,0.0,38.82,33.33,IDLE
0,1765273501.8156452,0.0,0.0,0.0,0.0,38.82,33.33,IDLE
0,1765273502.3234642,0.0,0.0,0.0,0.0,38.82,33.33,IDLE
0,1765273502.8265765,0.0,0.0,0.0,0.0,38.82,33.33,IDLE
0,1765273503.3362367,0.0,0.0,0.0,0.0,38.82,33.33,IDLE
0,1765273503.8412893,0.0,0.0,0.0,0.0,38.82,33.33,IDLE
0,1765273504.34426,0.0,0.0,0.0,0.0,38.82,33.33,IDLE
0,1765273504.848845,0.0,0.0,0.0,0.0,38.82,33.33,IDLE
0,1765273505.3518853,0.0,0.0,0.0,0.0,38.82,33.33,IDLE
0,1765273505.8624325,0.0,0.0,0.0,0.0,38.82,33.33,IDLE
0,1765273506.363007,0.0,0.0,0.0,0.0,38.82,33.33,IDLE
0,1765273506.8661106,0.0,0.0,0.0,0.0,38.82,33.33,IDLE
0,1765273507.3692837,0.0,0.0,0.0,0.0,38.82,33.33,IDLE
0,1765273507.8720448,0.0,0.0,0.0,0.0,38.82,33.33,IDLE
0,1765273508.3751512,0.0,0.0,0.0,0.0,38.82,33.33,IDLE
0,1765273508.8781438,0.0,0.0,0.0,0.0,38.82,33.33,IDLE
0,1765273509.3804731,0.0,0.0,0.0,0.0,38.82,33.33,IDLE
0,1765273509.8843524,0.0,0.0,0.0,0.0,38.82,33.33,IDLE
0,1765273510.3862429,0.0,0.0,0.0,0.0,38.82,33.33,IDLE
0,1765273510.8998458,0.0,0.0,0.0,0.0,38.82,33.33,IDLE
0,1765273511.4147544,0.0,0.0,0.0,0.0,38.82,33.33,IDLE
0,1765273511.9277718,0.0,0.0,0.0,0.0,38.82,33.33,IDLE
0,1765273512.4297042,0.0,0.0,0.0,0.0,38.82,33.33,IDLE
0,1765273512.945008,0.0,0.0,0.0,0.0,38.82,33.33,IDLE
0,1765273513.460631,0.0,0.0,0.0,0.0,38.82,33.33,IDLE
0,1765273513.9743085,0.0,0.0,0.0,0.0,38.82,33.33,IDLE
0,1765273514.4934661,0.0,0.0,0.0,0.0,38.82,33.33,IDLE
0,1765273515.0015228,0.0,0.0,0.0,0.0,38.82,33.33,IDLE
0,1765273515.5123897,0.0,0.0,0.0,0.0,38.82,33.33,IDLE
0,1765273516.0204513,0.0,0.0,0.0,0.0,38.82,33.33,IDLE
0,1765273516.5408914,0.0,0.0,0.0,0.0,38.82,33.33,IDLE
0,1765273517.0456498,0.0,0.0,0.0,0.0,38.82,33.33,IDLE
0,1765273517.5596378,0.0,0.0,0.0,0.0,38.82,33.33,IDLE
0,1765273518.0741801,0.0,0.0,0.0,0.0,38.82,33.33,IDLE
0,1765273518.5756524,0.0,0.0,0.0,0.0,38.82,33.33,IDLE
0,1765273519.0761278,0.0,0.0,0.0,0.0,38.82,33.33,IDLE
0,1765273519.581254,0.0,0.0,0.0,0.0,38.82,33.33,IDLE
0,1765273520.0945835,0.0,0.0,0.0,0.0,38.82,33.33,IDLE
0,1765273520.600016,0.0,0.0,0.0,0.0,38.82,33.33,IDLE
0,1765273521.1110003,0.0,0.0,0.0,0.0,38.82,33.33,IDLE
0,1765273521.624363,0.0,0.0,0.0,0.0,38.82,33.33,IDLE
0,1765273522.1251702,0.0,0.0,0.0,0.0,38.82,33.33,IDLE
0,1765273522.6377969,0.0,0.0,0.0,0.0,38.82,33.33,IDLE
0,1765273523.1493154,0.0,0.0,0.0,0.0,38.82,33.33,IDLE
0,1765273523.6631527,0.0,0.0,0.0,0.0,38.82,33.33,IDLE
0,1765273524.1776097,0.0,0.0,0.0,0.0,38.82,33.33,IDLE
0,1765273524.6919649,0.0,0.0,0.0,0.0,38.82,33.33,IDLE
0,1765273525.212431,0.0,0.0,0.0,0.0,38.82,33.33,IDLE
0,1765273525.717213,0.0,0.0,0.0,0.0,38.82,33.33,IDLE
0,1765273526.2313874,0.0,0.0,0.0,0.0,38.82,33.33,IDLE
0,1765273526.7442992,0.0,0.0,0.0,0.0,38.82,33.33,IDLE
0,1765273527.2585058,0.0,0.0,0.0,0.0,38.82,33.33,IDLE
0,1765273527.7599163,0.0,0.0,0.0,0.0,38.82,33.33,IDLE
0,1765273528.2751744,0.0,0.0,0.0,0.0,38.82,33.33,IDLE
0,1765273528.7828288,0.0,0.0,0.0,0.0,38.82,33.33,IDLE
0,1765273529.303371,0.0,0.0,0.0,0.0,38.82,33.33,IDLE
0,1765273529.8041046,0.0,0.0,0.0,0.0,38.82,33.33,IDLE
0,1765273530.3087995,0.0,0.0,0.0,0.0,38.82,33.33,IDLE
0,1765273530.8189096,0.0,0.0,0.0,0.0,38.82,33.33,IDLE
0,1765273531.3390555,0.0,0.0,0.0,0.0,38.82,33.33,IDLE
0,1765273531.854049,0.0,0.0,0.0,0.0,38.82,33.33,IDLE
0,1765273532.365002,0.0,0.0,0.0,0.0,38.82,33.33,IDLE
0,1765273532.8729358,0.0,0.0,0.0,0.0,38.82,33.33,IDLE
0,1765273533.3763664,0.0,0.0,0.0,0.0,38.82,33.33,IDLE
0,1765273533.884163,0.0,0.0,0.0,0.0,38.82,33.33,IDLE
0,1765273534.393137,0.0,0.0,0.0,0.0,38.82,33.33,IDLE
0,1765273534.9041739,0.0,0.0,0.0,0.0,38.82,33.33,IDLE
0,1765273535.4205194,0.0,0.0,0.0,0.0,38.82,33.33,IDLE
0,1765273535.9308672,0.0,0.0,0.0,0.0,38.82,33.33,IDLE
0,1765273536.4341853,0.0,0.0,0.0,0.0,38.82,33.33,IDLE
0,1765273536.9398134,0.0,0.0,0.0,0.0,38.82,33.33,IDLE
0,1765273537.4413102,0.0,0.0,0.0,0.0,38.82,33.33,IDLE
0,1765273537.9534876,0.0,0.0,0.0,0.0,38.82,33.33,IDLE
0,1765273538.4662256,0.0,0.0,0.0,0.0,38.82,33.33,IDLE
0,1765273538.9710445,0.0,0.0,0.0,0.0,38.82,33.33,IDLE
0,1765273539.4801323,0.0,0.0,0.0,0.0,38.82,33.33,IDLE
0,1765273539.9917426,0.0,0.0,0.0,0.0,38.82,33.33,IDLE
0,1765273540.4945567,0.0,0.0,0.0,0.0,38.82,33.33,IDLE
0,1765273541.0098002,0.0,0.0,0.0,0.0,38.82,33.33,IDLE
0,1765273541.51179,0.0,0.0,0.0,0.0,38.82,33.33,IDLE
0,1765273542.0265312,0.0,0.0,0.0,0.0,38.82,33.33,IDLE
0,1765273542.5400374,0.0,0.0,0.0,0.0,38.82,33.33,IDLE
0,1765273543.053409,0.0,0.0,0.0,0.0,38.82,33.33,IDLE
0,1765273543.567335,0.0,0.0,0.0,0.0,38.82,33.33,IDLE
0,1765273544.081237,0.0,0.0,0.0,0.0,38.82,33.33,IDLE
0,1765273544.5818167,0.0,0.0,0.0,0.0,38.82,33.33,IDLE
0,1765273545.095792,0.0,0.0,0.0,0.0,38.82,33.33,IDLE
0,1765273545.6120768,0.0,0.0,0.0,0.0,38.82,33.33,IDLE
0,1765273546.11486,0.0,0.0,0.0,0.0,38.82,33.33,IDLE
0,1765273546.626951,0.0,0.0,0.0,0.0,38.82,33.33,IDLE
0,1765273547.1297743,0.0,0.0,0.0,0.0,38.82,33.33,IDLE
0,1765273547.640548,0.0,0.0,0.0,0.0,38.82,33.33,IDLE
0,1765273548.1551583,0.0,0.0,0.0,0.0,38.82,33.33,IDLE
0,1765273548.6599553,0.0,0.0,0.0,0.0,38.82,33.33,IDLE
0,1765273549.172697,0.0,0.0,0.0,0.0,38.82,33.33,IDLE
0,1765273549.6780422,0.0,0.0,0.0,0.0,38.82,33.33,IDLE
0,1765273550.1820984,0.0,0.0,0.0,0.0,38.82,33.33,IDLE
0,1765273550.688217,0.0,0.0,0.0,0.0,38.82,33.33,IDLE
0,1765273551.2031057,0.0,0.0,0.0,0.0,38.82,33.33,IDLE
0,1765273551.7151237,0.0,0.0,0.0,0.0,38.82,33.33,IDLE
0,1765273552.22655,0.0,0.0,0.0,0.0,38.82,33.33,IDLE
0,1765273552.7418504,0.0,0.0,0.0,0.0,38.82,33.33,IDLE
0,1765273553.253313,0.0,0.0,0.0,0.0,38.82,33.33,IDLE
0,1765273553.759634,0.0,0.0,0.0,0.0,38.82,33.33,IDLE
0,1765273554.2740126,0.0,0.0,0.0,0.0,38.82,33.33,IDLE
0,1765273554.7768,0.0,0.0,0.0,0.0,38.82,33.33,IDLE
0,1765273555.2851527,0.0,0.0,0.0,0.0,38.82,33.33,IDLE
0,1765273555.786129,0.0,0.0,0.0,0.0,38.82,33.33,IDLE
0,1765273556.2913332,0.0,0.0,0.0,0.0,38.82,33.33,IDLE
0,1765273556.8071067,0.0,0.0,0.0,0.0,38.82,33.33,IDLE
0,1765273557.3148813,0.0,0.0,0.0,0.0,38.82,33.33,IDLE
0,1765273557.822735,0.0,0.0,0.0,0.0,38.82,33.33,IDLE
0,1765273558.3253958,0.0,0.0,0.0,0.0,38.82,33.33,IDLE
0,1765273558.8364036,0.0,0.0,0.0,0.0,38.82,33.33,IDLE
0,1765273559.3490908,0.0,0.0,0.0,0.0,38.82,33.33,IDLE
0,1765273559.8491554,0.0,0.0,0.0,0.0,38.82,33.33,IDLE
0,1765273560.3612645,0.0,0.0,0.0,0.0,38.82,33.33,IDLE
0,1765273560.8618987,0.0,0.0,0.0,0.0,38.82,33.33,IDLE
0,1765273561.3750818,0.0,0.0,0.0,0.0,38.82,33.33,IDLE
0,1765273561.8903062,0.0,0.0,0.0,0.0,38.82,33.33,IDLE
0,1765273562.3927062,0.0,0.0,0.0,0.0,38.82,33.33,IDLE
0,1765273562.8963747,0.0,0.0,0.0,0.0,38.82,33.33,IDLE
0,1765273563.4057245,0.0,0.0,0.0,0.0,38.82,33.33,IDLE
0,1765273563.9085512,0.0,0.0,0.0,0.0,38.82,33.33,IDLE
0,1765273564.440941,0.0,0.0,0.0,0.0,38.82,33.33,IDLE
0,1765273564.9475338,0.0,0.0,0.0,0.0,38.82,33.33,IDLE
0,1765273565.4484704,0.0,0.0,0.0,0.0,38.82,33.33,IDLE
0,1765273565.9630806,0.0,0.0,0.0,0.0,38.82,33.33,IDLE
0,1765273566.4779818,0.0,0.0,0.0,0.0,38.82,33.33,IDLE
0,1765273566.992478,0.0,0.0,0.0,0.0,38.82,33.33,IDLE
0,1765273567.5065203,0.0,0.0,0.0,0.0,38.82,33.33,IDLE
0,1765273568.0207934,0.0,0.0,0.0,0.0,38.82,33.33,IDLE
0,1765273568.5348387,0.0,0.0,0.0,0.0,38.82,33.33,IDLE
0,1765273569.037797,0.0,0.0,0.0,0.0,38.82,33.33,IDLE
0,1765273569.5402796,0.0,0.0,0.0,0.0,38.82,33.33,IDLE
0,1765273570.0515883,0.0,0.0,0.0,0.0,38.82,33.33,IDLE
0,1765273570.5571988,0.0,0.0,0.0,0.0,38.82,33.33,IDLE
0,1765273571.060236,0.0,0.0,0.0,0.0,38.82,33.33,IDLE
0,1765273571.5634246,0.0,0.0,0.0,0.0,38.82,33.33,IDLE
0,1765273572.0724058,0.0,0.0,0.0,0.0,38.82,33.33,IDLE
0,1765273572.5866911,0.0,0.0,0.0,0.0,38.82,33.33,IDLE
0,1765273573.090466,0.0,0.0,0.0,0.0,38.82,33.33,IDLE
0,1765273573.5947115,0.0,0.0,0.0,0.0,38.82,33.33,IDLE
0,1765273574.0964549,0.0,0.0,0.0,0.0,38.82,33.33,IDLE
0,1765273574.6016793,0.0,0.0,0.0,0.0,38.82,33.33,IDLE
0,1765273575.1146882,0.0,0.0,0.0,0.0,38.82,33.33,IDLE
0,1765273575.6281135,0.0,0.0,0.0,0.0,38.82,33.33,IDLE
0,1765273576.1426926,0.0,0.0,0.0,0.0,38.82,33.33,IDLE
0,1765273576.650153,0.0,0.0,0.0,0.0,38.82,33.33,IDLE
0,1765273577.1510093,0.0,0.0,0.0,0.0,38.82,33.33,IDLE
0,1765273577.6516397,0.0,0.0,0.0,0.0,38.82,33.33,IDLE
0,1765273578.1572852,0.0,0.0,0.0,0.0,38.82,33.33,IDLE
0,1765273578.6602657,0.0,0.0,0.0,0.0,38.82,33.33,IDLE
0,1765273579.1693428,0.0,0.0,0.0,0.0,38.82,33.33,IDLE
0,1765273579.672325,0.0,0.0,0.0,0.0,38.82,33.33,IDLE
0,1765273580.174921,0.0,0.0,0.0,0.0,38.82,33.33,IDLE
0,1765273580.6828506,0.0,0.0,0.0,0.0,38.82,33.33,IDLE
0,1765273581.1956828,0.0,0.0,0.0,0.0,38.82,33.33,IDLE
0,1765273581.695893,0.0,0.0,0.0,0.0,38.82,33.33,IDLE
0,1765273582.210783,0.0,0.0,0.0,0.0,38.82,33.33,IDLE
0,1765273582.7116096,0.0,0.0,0.0,0.0,38.82,33.33,IDLE
